10000;1400-1500;Mo-Fr;ARG;LOL Buenos Aires;-TS;ARG;b;1;;
10000;0000-2400;;B;PPE Observatorio Nac.;-TS;B;ro;1;;
10000;0000-2400;;CHN;BPM Xian;-TS;CHN;p;1;;
10000;0000-2400;;HWA;WWVH Hawaii (f.ann.);-TS;USA;c;1;;
10000;0000-2400;;I;ItalCable;-TS;SEu;v;6;2603;3009
10000;0000-2400;;USA;WWV Colorado (m.ann.);-TS;USA;fc;1;;
10018;0000-2400;;IND;Mumbai Radio;E;SAs;;1;;[0717]
10024;0000-2400;;HND;COCESNA Cenamer Control;E;CAm;;1;;[0616]
10048;0000-2400;;J;Tokyo Radio;E;FE;;1;;
10048;0000-2400;;USA;San Francisco Radio NP1;E;NOc;/ALS-ba;1;;[0417]
10048;0000-2400;;USA;San Francisco Radio NP1;E;NOc;/HWA-m;1;;
10051;0000-2400;;CAN;Gander Volmet x20,x50;E;NAm;g;1;;[0717]
10051;0000-2400;;USA;New York Volmet x00,x30;E;NAm;bg;1;;[0517]
10057;0000-2400;;USA;San Francisco Radio 3;E;EOc;dx;1;;[0315]
10066;0000-2400;;BGD;Dhaka Radio;E;SAs;;1;;
10066;0000-2400;;IND;Kolkata Radio;E;SAs;;1;;
10066;0000-2400;;MYA;Yangon Radio;E;SEA;;1;;
10084;0000-2400;;IND;Delhi Radio;E;SAs;;1;;
10084;0000-2400;;IND;Mumbai Radio;E;SAs;;1;;
10100.8;0000-2400;;D;DDK9 DWD Pinneberg RTTY;E;Eu;pi;1;;[0817]
10115;0000-2400;;CHN;BAF Beijing Meteo Fax;;FE;bm;1;;
10125;0820-0830;Mo,Th;POL;E11 Polish Spy Numbers;E;;p;1;111;2802[1215]
10148;0610-0620;Fr;RUS;S06 Russian Spy Numbers;R;RUS;xx;1;103;3004[0414]
10148;0610-0620;Fr;RUS;S06 Russian Spy Numbers;R;RUS;xx;1;109;3110[1014]
10186;1900-1910;Fr;RUS;G06 Russian Spy Numbers;D;RUS;xx;1;105;3108[0814]
10195.2;0000-2400;;HOL;PBB Dutch Navy Stanag;;Eu;cg;1;;[0616]
10210;1015-1025;Mo,Th;POL;S11 Polish Spy Numbers;R;;p;1;105;3108[0817]
10213;0530-0540;Tu,Sa;POL;E11 Polish Spy Numbers;E;;p;1;103;3004[0414]
10213;0530-0540;Tu,Sa;POL;E11 Polish Spy Numbers;E;;p;1;109;3110[1014]
10213;0600-0610;Mo;POL;E11 Polish Spy Numbers;E;;p;1;105;3108[0517]
10213;0745-0755;Mo;POL;E11 Polish Spy Numbers;E;;p;1;109;3004[0417]
10213;0930-0940;We,Th;POL;E11 Polish Spy Numbers;E;;p;1;105;3108[0516]
10213;1705-1715;We,Sa;POL;E11 Polish Spy Numbers;E;;p;1;103;3004[0417]
10213;1705-1715;We,Sa;POL;E11 Polish Spy Numbers;E;;p;1;109;3110[0915]
10213;1810-1820;Tu,Sa;POL;E11 Polish Spy Numbers;E;;p;1;111;2802[0215]
10230;1200-1210;Mo;RUS;S06 Russian Spy Numbers;R;RUS;xx;1;105;3108[0817]
10250;1210-1220;Sa;RUS;S06 Russian Spy Numbers;R;RUS;xx;1;105;3108[0814]
10255;1554-1630;;VTN;Vietnamese Spy Numbers;VN;FE;xx;1;;[0316]
10290;0930-0940;Fr;RUS;S06 Russian Spy Numbers;R;RUS;xx;1;105;3108[0716]
10302;1045-1055;Tu,We;POL;E11 Polish Spy Numbers;E;;p;1;105;3108[0815]
10302;1300-1310;Th,Sa;POL;E11 Polish Spy Numbers;E;;p;1;103;3004[0417]
10302;1300-1310;Th,Sa;POL;E11 Polish Spy Numbers;E;;p;1;109;3110
10325;0940-0950;Th;RUS;S06 Russian Spy Numbers;R;RUS;xx;1;105;3108[0717]
10330;1530-1540;Th;POL;E11 Polish Spy Numbers;E;;p;1;103;3004[0417]
10330;1530-1540;Th;POL;E11 Polish Spy Numbers;E;;p;1;109;3110[0915]
10345;0554-0650;1357;CUB;Cuban Spy Numbers;S;Am;;1;;[0817]
10350;1200-1210;Sa;RUS;S06 Russian Spy Numbers;R;RUS;xx;1;103;3004[0414]
10350;1200-1210;Sa;RUS;S06 Russian Spy Numbers;R;RUS;xx;1;109;3110[0914]
10356;1530-1540;Th;POL;E11 Polish Spy Numbers;E;;p;1;105;3108[0517]
10420;0810-0820;Tu;RUS;S06 Russian Spy Numbers;R;RUS;xx;1;103;3004[0316]
10420;0810-0820;Tu;RUS;S06 Russian Spy Numbers;R;RUS;xx;1;109;3110[1014]
10429;0710-0720;Tu,Fr;POL;E11 Polish Spy Numbers;E;;p;1;105;3108[0817]
10429;0805-0815;We,Su;POL;E11 Polish Spy Numbers;E;;p;1;111;2802[1215]
10448;1625-1635;We,Sa;POL;E11 Polish Spy Numbers;E;;p;1;103;3004[0417]
10448;1625-1635;We,Sa;POL;E11 Polish Spy Numbers;E;;p;1;109;3110[0915]
10448;1625-1635;We,Sa;POL;E11 Polish Spy Numbers;E;;p;1;111;2802[0216]
10448;1625-1635;Su;POL;E11 Polish Spy Numbers;E;;p;1;103;3004[0417]
10448;1625-1635;Su;POL;E11 Polish Spy Numbers;E;;p;1;109;3110[0916]
10487;1710-1720;Mo,Fr;POL;E11 Polish Spy Numbers;E;;p;1;105;3108[0815]
10514;0940-0950;Th;RUS;S06 Russian Spy Numbers;R;RUS;xx;1;103;3004[0417]
10514;0940-0950;Th;RUS;S06 Russian Spy Numbers;R;RUS;xx;1;109;3110[0917]
10532;0840-0850;We;RUS;S06 Russian Spy Numbers;R;RUS;xx;1;111;2802[0117]
10536;0001-2321;;CAN;CFH Halifax Meteo Fax;;ENA;hx;1;;
10543;0000-2400;;RUS;RCV Russian Navy;-CW;RUS;se;1;;[0417]
10555;0015-0215;;AUS;VMW Wiluna Met Fax;;Oc;w;1;;
10555;0245-0330;;AUS;VMW Wiluna Met Fax;;Oc;w;1;;
10555;0400-0945;;AUS;VMW Wiluna Met Fax;;Oc;w;1;;[0517]
10555;1015-1100;;AUS;VMW Wiluna Met Fax;;Oc;w;1;;
10555;1100-1715;;AUS;VMW Wiluna Met Fax;;Oc;w;1;;[0416]
10555;1800-1845;;AUS;VMW Wiluna Met Fax;;Oc;w;1;;[0416]
10555;1915-2045;;AUS;VMW Wiluna Met Fax;;Oc;w;1;;[0817]
10555;2215-2400;;AUS;VMW Wiluna Met Fax;;Oc;w;1;;[0316]
10559.2;0000-2400;;D;DHJ58 Marine Stanag;;Eu;gl;1;;[0616]
10620;1925-1935;245;POL;E11 Polish Spy Numbers;E;;p;1;103;3004[0417]
10620;1925-1935;245;POL;E11 Polish Spy Numbers;E;;p;1;109;3110[0915]
10635;1310-1320;Mo;RUS;S06 Russian Spy Numbers;R;RUS;xx;1;111;2802[1214]
10641;1445-1455;Th;POL;E11 Polish Spy Numbers;E;;p;1;103;3004[0416]
10641;1445-1455;Th;POL;E11 Polish Spy Numbers;E;;p;1;109;3110
10690;0830-0840;Mo,Fr;POL;E11 Polish Spy Numbers;E;;p;1;103;3004[0414]
10690;0830-0840;Mo,Fr;POL;E11 Polish Spy Numbers;E;;p;1;109;3110[0914]
10690;1400-1410;Tu,Sa;POL;E11 Polish Spy Numbers;E;;p;1;111;2802[0115]
10692;0000-2400;;RUS;RAA Russian Navy;-CW;RUS;xx;1;;[0616]
10715;2154-2250;1357;CUB;Cuban Spy Numbers;S;Am;;1;;[0617]
10755;0400-0420;We;RUS;S06 Russian Spy Numbers;R;FE;xx;1;110;3110[1014]
10755;0810-0830;We;RUS;S06 Russian Spy Numbers;R;FE;xx;1;110;3110[1014]
10800;0450-0500;Mo;POL;E11 Polish Spy Numbers;E;;p;1;105;3108[0814]
10800;0645-0655;Tu,Th;POL;E11 Polish Spy Numbers;E;;p;1;103;3004[0417]
10800;0645-0655;Tu,Th;POL;E11 Polish Spy Numbers;E;;p;1;109;3110[0917]
10800;0710-0720;Tu,Fr;POL;E11 Polish Spy Numbers;E;;p;1;111;2802[1215]
10800;1540-1550;We,Sa;POL;S11 Polish Spy Numbers;R;;p;1;103;3004[0417]
10800;1540-1550;We,Sa;POL;S11 Polish Spy Numbers;R;;p;1;109;3110
10800;1645-1655;Tu,Th;POL;E11 Polish Spy Numbers;E;;p;1;103;3004
10800;1645-1655;Tu,Th;POL;E11 Polish Spy Numbers;E;;p;1;109;3110[0917]
10820;0100-0700;;TWN;Sound of Hope;M;FE;;1;;[0917]
10820;0700-0800;;TWN;Sound of Hope;M;FE;;1;;
10820;0800-1000;;TWN;Sound of Hope;M;FE;;1;;[0917]
10820;1000-1100;;TWN;Sound of Hope;M;FE;;1;;[0617]
10820;1100-1400;;TWN;Sound of Hope;M;FE;;1;;
10820;1400-1500;;TWN;Sound of Hope;M;FE;;1;;[0617]
10820;1500-1600;;TWN;Sound of Hope;M;FE;;1;;
10820;1600-1700;;TWN;Sound of Hope;M;FE;;1;;
10820;2200-2300;;TWN;Sound of Hope;M;FE;;1;;
10820;2300-0100;;TWN;Sound of Hope;M;FE;;1;;
10846;1300-1310;Tu;RUS;S06 Russian Spy Numbers;R;RUS;xx;1;103;3004[0417]
10846;1300-1310;Tu;RUS;S06 Russian Spy Numbers;R;RUS;xx;1;109;3110
10860;0454-0550;1357;CUB;Cuban Spy Numbers;S;Am;;1;;[0917]
10870;0100-0700;;TWN;Sound of Hope;M;FE;;1;;[0917]
10870;0700-0800;;TWN;Sound of Hope;M;FE;;1;;
10870;0800-1000;;TWN;Sound of Hope;M;FE;;1;;[0917]
10870;1000-1100;;TWN;Sound of Hope;M;FE;;1;;[0617]
10870;1100-1400;;TWN;Sound of Hope;M;FE;;1;;
10870;1400-1500;;TWN;Sound of Hope;M;FE;;1;;
10870;1500-1600;;TWN;Sound of Hope;M;FE;;1;;
10870;1600-1700;;TWN;Sound of Hope;M;FE;;1;;
10870;2100-2200;;TWN;Sound of Hope;M;FE;;1;;
10870;2200-2300;;TWN;Sound of Hope;M;FE;;1;;
10870;2300-0100;;TWN;Sound of Hope;M;FE;;1;;
10871.7;0000-2400;;RUS;Channel Marker D;-CW;EEu;se;1;;[0417]
10871.8;0000-2400;;RUS;Channel Marker P;-CW;RUS;kl;1;;
10871.9;0000-2400;;RUS;Channel Marker S;-CW;RUS;sm;1;;[0716]
10872;0000-2400;;RUS;Channel Marker C;-CW;RUS;m;1;;[0516]
10872.1;0000-2400;;RUS;Channel Marker A;-CW;RUS;as;1;;
10872.2;0000-2400;;RUS;Channel Marker F;-CW;FE;vl;1;;[0417]
10872.3;0000-2400;;RUS;Channel Marker K;-CW;FE;as;1;;[0416]
10872.4;0000-2400;;RUS;Channel Marker M;-CW;FE;mg;1;;[0417]
10878;1700-1710;Tu,Su;RUS;S06 Russian Spy Numbers;R;RUS;xx;1;102;2802[0214]
10920;1210-1220;Th;RUS;S06 Russian Spy Numbers;R;RUS;xx;1;111;2802[1215]
10920.1;0100-0700;;TWN;Sound of Hope;M;FE;;1;;[0717]
10920.1;0700-0800;;TWN;Sound of Hope;M;FE;;1;;
10920.1;0800-1000;;TWN;Sound of Hope;M;FE;;1;;[0917]
10920.1;1000-1100;;TWN;Sound of Hope;M;FE;;1;;[0617]
10920.1;1100-1400;;TWN;Sound of Hope;M;FE;;1;;
10920.1;1400-1500;;TWN;Sound of Hope;M;FE;;1;;
10920.1;1500-1600;;TWN;Sound of Hope;M;FE;;1;;
10920.1;1600-1700;;TWN;Sound of Hope;M;FE;;1;;
10920.1;1700-1800;;TWN;Sound of Hope;M;FE;;1;;
10920.1;2100-2200;;TWN;Sound of Hope;M;FE;;1;;
10920.1;2200-2300;;TWN;Sound of Hope;M;FE;;1;;
10920.1;2300-0100;;TWN;Sound of Hope;M;FE;;1;;
10960;0100-0700;;TWN;Sound of Hope;M;FE;;1;;[0917]
10960;0700-0800;;TWN;Sound of Hope;M;FE;;1;;
10960;0800-1000;;TWN;Sound of Hope;M;FE;;1;;[0917]
10960;1000-1100;;TWN;Sound of Hope;M;FE;;1;;
10960;1100-1400;;TWN;Sound of Hope;M;FE;;1;;[0915]
10960;1400-1500;;TWN;Sound of Hope;M;FE;;1;;[0515]
10960;1500-1600;;TWN;Sound of Hope;M;FE;;1;;
10960;1600-1700;;TWN;Sound of Hope;M;FE;;1;;
10960;2100-2200;;TWN;Sound of Hope;M;FE;;1;;
10960;2200-2300;;TWN;Sound of Hope;M;FE;;1;;
10960;2300-0100;;TWN;Sound of Hope;M;FE;;1;;
11030;0000-0015;;AUS;VMC Charleville Met Fax;;Tas;c;1;;
11030;0015-0215;;AUS;VMC Charleville Met Fax;;Oc;c;1;;
11030;0245-0330;;AUS;VMC Charleville Met Fax;;Oc;c;1;;
11030;0345-0400;;AUS;VMC Charleville Met Fax;;Tas;c;1;;
11030;0400-0500;;AUS;VMC Charleville Met Fax;;Oc;c;1;;[0616]
11030;0500-0600;;AUS;VMC Charleville Met Fax;;Tas;c;1;;[0517]
11030;0600-0900;;AUS;VMC Charleville Met Fax;;Oc;c;1;;[0417]
11030;0900-0945;;AUS;VMC Charleville Met Fax;;Oc;c;1;;
11030;1015-1715;;AUS;VMC Charleville Met Fax;;Oc;c;1;;
11030;1800-1845;;AUS;VMC Charleville Met Fax;;Oc;c;1;;
11030;1915-2045;;AUS;VMC Charleville Met Fax;;Oc;c;1;;
11030;2215-2400;;AUS;VMC Charleville Met Fax;;Oc;c;1;;
11030;1915-1925;Mo;RUS;S06 Russian Spy Numbers;R;RUS;xx;1;103;3103[0314]
11039;0000-2400;;D;DDH9 DWD Pinneberg RTTY;E;Eu;pi;1;;[0616]
11070;0100-0700;;TWN;Sound of Hope;M;FE;;1;;[0917]
11070;0700-0800;;TWN;Sound of Hope;M;FE;;1;;
11070;0800-1000;;TWN;Sound of Hope;M;FE;;1;;[0917]
11070;1000-1100;;TWN;Sound of Hope;M;FE;;1;;
11070;1100-1400;;TWN;Sound of Hope;M;FE;;1;;
11070;1400-1500;;TWN;Sound of Hope;M;FE;;1;;
11070;1500-1600;;TWN;Sound of Hope;M;FE;;1;;
11070;1600-1700;;TWN;Sound of Hope;M;FE;;1;;
11070;2200-2300;;TWN;Sound of Hope;M;FE;;1;;
11070;2300-0100;;TWN;Sound of Hope;M;FE;;1;;
11073;0740-0750;We;RUS;S06 Russian Spy Numbers;R;RUS;xx;1;103;3004[0414]
11073;0740-0750;We;RUS;S06 Russian Spy Numbers;R;RUS;xx;1;109;3110
11085;0830-0840;We;RUS;S06 Russian Spy Numbers;R;RUS;xx;1;105;3108[0517]
11086.5;0600-2000;;G;GYA Northwood Meteo Fax;;WEu;nw;1;;
11090;0519-1600;;HWA;KVM70 Fax Honolulu;;Oc;nm;1;;[0817]
11090;1719-0400;;HWA;KVM70 Fax Honolulu;;Oc;nm;1;;[0416]
11092;1540-1550;Sa;POL;S11 Polish Spy Numbers;R;;p;1;105;3108[0616]
11100;0820-0830;Mo,Th;POL;E11 Polish Spy Numbers;E;;p;1;111;2802[0217]
11100;1205-1215;Tu,We;POL;E11 Polish Spy Numbers;E;;p;1;111;2802[1215]
11100;0100-0700;;TWN;Sound of Hope;M;FE;;1;;[0917]
11100;0700-0800;;TWN;Sound of Hope;M;FE;;1;;[0617]
11100;0800-1000;;TWN;Sound of Hope;M;FE;;1;;[0917]
11100;1000-1100;;TWN;Sound of Hope;M;FE;;1;;
11100;1100-1400;;TWN;Sound of Hope;M;FE;;1;;
11100;1400-1500;;TWN;Sound of Hope;CA;FE;;1;;
11100;1500-1600;;TWN;Sound of Hope;M;FE;;1;;
11100;2200-2300;;TWN;Sound of Hope;M;FE;;1;;
11100;2300-0100;;TWN;Sound of Hope;M;FE;;1;;
11105;1915-1925;Mo;RUS;S06 Russian Spy Numbers;R;RUS;xx;1;104;3004[0414]
11107;2005-2015;SaSu;POL;E11 Polish Spy Numbers;E;;p;1;111;2802[1114]
11150.1;0100-0700;;TWN;Sound of Hope;M;FE;;1;;[0917]
11150.1;0700-0800;;TWN;Sound of Hope;M;FE;;1;;
11150.1;0800-1000;;TWN;Sound of Hope;M;FE;;1;;[0917]
11150.1;1000-1100;;TWN;Sound of Hope;M;FE;;1;;
11150.1;1100-1400;;TWN;Sound of Hope;M;FE;;1;;
11150.1;1400-1500;;TWN;Sound of Hope;M;FE;;1;;
11150.1;1500-1600;;TWN;Sound of Hope;M;FE;;1;;
11150.1;1600-1700;;TWN;Sound of Hope;M;FE;;1;;
11150.1;2200-2300;;TWN;Sound of Hope;M;FE;;1;;
11150.1;2300-0100;;TWN;Sound of Hope;M;FE;;1;;
11165;0950-1000;Th;RUS;S06 Russian Spy Numbers;R;RUS;xx;1;105;3108[0814]
11175;0000-2400;;USA;US Air Force Messages;E;NAm;;1;;[0417]
11217;0000-2400;;D;DHM91 German Air Force;E;Eu;al;1;;
11253;0000-2400;;G;RAF Volmet;E;Eu;;1;;[0717]
11279;0000-2400;;UZB;Tashkent Volmet x20,x50;R;CAs;a;1;;[0217]
11282;0000-2400;;USA;San Francisco Radio 2;E;EOc;dx;1;;[0915]
11285;0000-2400;;IND;Chennai Radio;E;SAs;;1;;[0717]
11297;0000-2400;;RUS;Rostov Volmet x25,55;R;CIS;rv;1;;[0417]
11300;0000-2400;;LBY;Tripoli Radio;E;EAf;;1;;[0915]
11300;0000-2400;;SDN;Khartoum Radio;E;EAf;a;1;;[0616]
11300;0000-2400;;SEY;Seychelles Radio;E;EAf;;1;;[0616]
11300;0000-2400;;SOM;Mogadishu Radio;E;EAf;ma;1;;[0616]
11300.1;0100-0700;;TWN;Sound of Hope;M;FE;;1;;[0917]
11300.1;0700-0800;;TWN;Sound of Hope;M;FE;;1;;[0617]
11300.1;0800-1000;;TWN;Sound of Hope;M;FE;;1;;[0917]
11300.1;1000-1100;;TWN;Sound of Hope;M;FE;;1;;
11300.1;1100-1400;;TWN;Sound of Hope;M;FE;;1;;
11300.1;1400-1500;;TWN;Sound of Hope;M;FE;;1;;
11300.1;1500-1600;;TWN;Sound of Hope;M;FE;;1;;
11300.1;1600-1700;;TWN;Sound of Hope;M;FE;;1;;
11300.1;2100-2200;;TWN;Sound of Hope;M;FE;;1;;
11300.1;2200-2300;;TWN;Sound of Hope;M;FE;;1;;
11300.1;2300-0100;;TWN;Sound of Hope;M;FE;;1;;
11309;0000-2400;;AZR;Santa Maria Radio E;E;NAO;sm;1;;
11309;0000-2400;;USA;New York Radio E;E;NAO;bg;1;;[0415]
11318;0000-2400;;RUS;Novosibir Volmet x10,40;R;CIS;nv;1;;[0314]
11318;0000-2400;;RUS;Samara Volmet x15,45;R;CIS;sv;1;;[0616]
11318;0000-2400;;RUS;Syktyvkar Volmet x00,30;R;CIS;sy;1;;[0616]
11330;0000-2400;;USA;New York Radio CAR-B;E;Car;bg;1;;[0815]
11330;0000-2400;;USA;San Francisco Radio NP2;E;NOc;/HWA-m;1;;
11336;0000-2400;;CAN;Gander Radio C;E;NAO;g;1;;
11336;0000-2400;;IRL;Shanwick Radio C;E;NAO;s;1;;
11336;0000-2400;;ISL;Keflavik Radio C;E;NAO;;1;;
11345;0600-1800;;S;Stockholm Radio;E;Eu;;1;;[1214]
11345;1800-0600;;S;Stockholm Radio;E;Eu;;1;;[0717]
11369;0100-0700;;TWN;Sound of Hope;M;FE;;1;;[1216]
11369;0700-0800;;TWN;Sound of Hope;M;FE;;1;;
11369;0800-1000;;TWN;Sound of Hope;M;FE;;1;;
11369;1000-1100;;TWN;Sound of Hope;M;FE;;1;;
11369;1100-1400;;TWN;Sound of Hope;M;FE;;1;;[0917]
11369;1400-1500;;TWN;Sound of Hope;M;FE;;1;;
11369;1500-1600;;TWN;Sound of Hope;M;FE;;1;;
11369;1600-1700;;TWN;Sound of Hope;M;FE;;1;;
11369;2100-2200;;TWN;Sound of Hope;M;FE;;1;;
11369;2200-2300;;TWN;Sound of Hope;M;FE;;1;;
11369;2300-0100;;TWN;Sound of Hope;M;FE;;1;;
11384;0000-2400;;USA;San Francisco Radio CWP;E;WOc;/GUM-b;1;;
11384;0000-2400;;USA;San Francisco Radio CWP;E;WOc;/HWA-m;1;;
11387;0000-2400;;AUS;Australia Volmet x00,30;E;Oc;n;1;;[0516]
11387;0305-1240;;IND;Kolkata Volmet x05,x35;E;SAs;kv;1;;[0314]
11387;0325-1300;;IND;Mumbai Volmet x25,x55;E;SAs;mv;1;;
11387;0145-1450;;PAK;Karachi Volmet x15,x45;E;SAs;kv;1;;
11387;2250-1225;;SNG;Singpore Volmet x20,x50;E;SAs;v;1;;[0314]
11387;2310-1145;;THA;Bangkok Volmet x10,x40;E;SAs;bv;1;;
11390;0730-1130;;I;Marconi Radio Int.;E;Eu;;6;309;309
11390;0830-1130;;I;Marconi Radio Int.;E;Eu;;6;907;907
11396;0000-2400;;USA;New York Radio CAR-A;E;Car;bg;1;;[0615]
11410;0100-0700;;TWN;Sound of Hope;M;FE;;1;;[0917]
11410;0700-0800;;TWN;Sound of Hope;M;FE;;1;;
11410;0800-1000;;TWN;Sound of Hope;M;FE;;1;;[0917]
11410;1000-1100;;TWN;Sound of Hope;M;FE;;1;;
11410;1100-1400;;TWN;Sound of Hope;M;FE;;1;;
11410;1400-1500;;TWN;Sound of Hope;M;FE;;1;;
11410;1500-1600;;TWN;Sound of Hope;M;FE;;1;;
11410;1600-1700;;TWN;Sound of Hope;M;FE;;1;;
11410;2100-2200;;TWN;Sound of Hope;M;FE;;1;;
11410;2200-2300;;TWN;Sound of Hope;M;FE;;1;;
11410;2300-0100;;TWN;Sound of Hope;M;FE;;1;;
11421.5;0000-2400;;CRO;FJY5 ARQ-E3 192bd/400Hz;;ANT;;1;;
11430;0400-0430;;TWN;Star-Star Bc.Station;M;CHN;;1;;
11430;0500-0530;;TWN;Star-Star Bc.Station;M;CHN;;1;;[0217]
11430;0600-0630;;TWN;Star-Star Bc.Station;M;CHN;;1;;[1216]
11430;1200-1240;;TWN;Star-Star Bc.Station;M;CHN;;1;;
11430;1300-1330;;TWN;Star-Star Bc.Station;M;CHN;;1;;[0517]
11435;1554-1650;;CUB;Cuban Spy Numbers;S;Am;;1;;[0917]
11440;0100-0700;;TWN;Sound of Hope;M;FE;;1;;[0917]
11440;0700-0800;;TWN;Sound of Hope;M;FE;;1;;[0617]
11440;0800-1000;;TWN;Sound of Hope;M;FE;;1;;
11440;1000-1100;;TWN;Sound of Hope;M;FE;;1;;
11440;1100-1400;;TWN;Sound of Hope;M;FE;;1;;[0917]
11440;1400-1500;;TWN;Sound of Hope;M;FE;;1;;
11440;1500-1600;;TWN;Sound of Hope;M;FE;;1;;
11440;1600-1700;;TWN;Sound of Hope;M;FE;;1;;
11440;2100-2200;;TWN;Sound of Hope;M;FE;;1;;
11440;2200-2300;;TWN;Sound of Hope;M;FE;;1;;
11440;2300-0100;;TWN;Sound of Hope;M;FE;;1;;
11450;0805-0815;We,Su;POL;E11 Polish Spy Numbers;E;;p;1;103;3004[0417]
11450;0805-0815;We,Su;POL;E11 Polish Spy Numbers;E;;p;1;109;3110[1014]
11460;1210-1220;Mo;RUS;S06 Russian Spy Numbers;R;RUS;xx;1;103;3004[0417]
11460;1210-1220;Mo;RUS;S06 Russian Spy Numbers;R;RUS;xx;1;109;3110[1017]
11460;0100-0700;;TWN;Sound of Hope;M;FE;;1;;[0917]
11460;0700-0800;;TWN;Sound of Hope;M;FE;;1;;[0617]
11460;0800-1000;;TWN;Sound of Hope;M;FE;;1;;
11460;1000-1100;;TWN;Sound of Hope;M;FE;;1;;
11460;1100-1400;;TWN;Sound of Hope;M;FE;;1;;[0917]
11460;1400-1500;;TWN;Sound of Hope;M;FE;;1;;
11460;1500-1600;;TWN;Sound of Hope;M;FE;;1;;
11460;1600-1700;;TWN;Sound of Hope;M;FE;;1;;
11460;2100-2200;;TWN;Sound of Hope;M;FE;;1;;
11460;2200-2300;;TWN;Sound of Hope;M;FE;;1;;
11460;2300-0100;;TWN;Sound of Hope;M;FE;;1;;
11462;0454-0550;246;CUB;Cuban Spy Numbers;S;Am;;1;;[0917]
11462;0854-0950;246;CUB;Cuban Spy Numbers;S;Am;;1;;[0217]
11493;1015-1025;Mo,Th;POL;S11 Polish Spy Numbers;R;;p;1;103;3004
11493;1015-1025;Mo,Th;POL;S11 Polish Spy Numbers;R;;p;1;109;3110[0917]
11499.8;0100-0700;;TWN;Sound of Hope;M;FE;;1;;[0917]
11499.8;0700-0800;;TWN;Sound of Hope;M;FE;;1;;[0617]
11499.8;0800-1000;;TWN;Sound of Hope;M;FE;;1;;[0917]
11499.8;1000-1100;;TWN;Sound of Hope;M;FE;;1;;
11499.8;1100-1400;;TWN;Sound of Hope;M;FE;;1;;
11499.8;1400-1500;;TWN;Sound of Hope;M;FE;;1;;[0216]
11499.8;1500-1600;;TWN;Sound of Hope;M;FE;;1;;[0316]
11499.8;1600-1700;;TWN;Sound of Hope;M;FE;;1;;
11499.8;2100-2200;;TWN;Sound of Hope;M;FE;;1;;
11499.8;2200-2300;;TWN;Sound of Hope;M;FE;;1;;
11499.8;2300-0100;;TWN;Sound of Hope;M;FE;;1;;[0417]
11503;1200-1230;;CLA;Voice of Tibet;TB;Tib;/TJK;6;2603;304
11505;1200-1230;;CHN;CNR1 Jammer/Firedrake;M;FE;;6;2603;304
11505;1200-1230;;CHN;CNR1 Jammer/Firedrake;M;FE;;1;109;
11505;1300-1330;;CHN;CNR1 Jammer/Firedrake;M;FE;;1;105;
11507;1200-1230;;CLA;Voice of Tibet;TB;Tib;/TJK;1;109;
11507;1300-1330;;CLA;Voice of Tibet;TB;Tib;/TJK;1;105;
11508;1200-1230;;CLA;Voice of Tibet;TB;Tib;/TJK;6;2603;3108
11510;1200-1230;;CHN;CNR1 Jammer/Firedrake;M;FE;;6;2603;3108
11510;1300-1330;;CHN;CNR1 Jammer/Firedrake;M;FE;;1;2705;
11512;1300-1330;;CLA;Voice of Tibet;TB;Tib;/TJK;1;2705;
11513;1200-1230;;CLA;Voice of Tibet;TB;Tib;/TJK;1;404;
11513;1300-1330;;CLA;Voice of Tibet;TB;Tib;/TJK;6;105;2605
11515;1200-1230;;CHN;CNR1 Jammer/Firedrake;M;FE;;1;404;
11515;1300-1330;;CHN;CNR1 Jammer/Firedrake;M;FE;;6;105;2605
11520;0000-0900;;USA;WEWN EWTN Catholic R.;E;WAf;b;1;;
11520;0900-1500;;USA;WEWN EWTN Catholic R.;E;SEA;b;1;;
11530;2000-1500;;CHN;CNR1 Jammer/Firedrake;M;CHN;;1;;[0516]
11530;1654-1750;;CUB;Cuban Spy Numbers;S;Am;;1;;[0917]
11530;1854-1950;;CUB;Cuban Spy Numbers;S;Am;;1;;[0614]
11530;2254-2350;1357;CUB;Cuban Spy Numbers;S;Am;;1;;[0114]
11530;0730-0740;Tu;RUS;S06 Russian Spy Numbers;R;RUS;xx;1;109;3110[0917]
11530;0830-0840;We;RUS;S06 Russian Spy Numbers;R;RUS;xx;1;103;3004[0417]
11530;0830-0840;We;RUS;S06 Russian Spy Numbers;R;RUS;xx;1;109;3110
11530;0000-0100;;TWN;Radio Taiwan Int.;S;SAm;/USA-o;1;;
11530;0100-0700;;TWN;Sound of Hope;M;FE;;1;;
11530;0700-0800;;TWN;Sound of Hope;M;FE;;1;;[0617]
11530;0800-1000;;TWN;Sound of Hope;M;FE;;1;;
11530;1000-1100;;TWN;Sound of Hope;M;FE;;1;;
11530;1100-1400;;TWN;Sound of Hope;M;FE;;1;;[0917]
11530;1400-1500;;TWN;Sound of Hope;M;FE;;1;;[0616]
11530;1500-1600;;TWN;Sound of Hope;M;FE;;1;;
11530;2000-2100;;TWN;Sound of Hope;M;FE;;1;;
11530;2100-2200;;TWN;Sound of Hope;M;FE;;1;;
11530;2200-2300;;TWN;Sound of Hope;M;FE;;1;;
11530;2300-0100;;TWN;Sound of Hope;M;FE;;1;;
11530;0100-0200;;USA;Family Radio;S;SAm;o;1;;
11530;0330-0700;;USA;Radio Farda;FS;IRN;/D-L;6;1305;2805
11530;0700-1200;;USA;Radio Farda;FS;IRN;/KWT;6;1305;2805
11530;1200-1730;;USA;Radio Farda;FS;IRN;/D-L;6;1305;2805
11532;0740-0750;Tu;RUS;S06 Russian Spy Numbers;R;RUS;xx;1;111;2802[0217]
11535;0830-0840;We;RUS;S06 Russian Spy Numbers;R;RUS;xx;1;111;2802[0217]
11540;1200-1300;;CHN;CNR1 Jammer/Firedrake;M;FE;;0;;
11540;1300-1400;;CHN;CNR1 Jammer/Firedrake;M;FE;;0;;
11540;1000-1010;Th;RUS;S06 Russian Spy Numbers;R;RUS;xx;1;103;3004
11540;1000-1010;Th;RUS;S06 Russian Spy Numbers;R;RUS;xx;1;109;3110[1014]
11540;1400-1430;;USA;Adventist World Radio;C-A;SEA;/GUM-a;0;;
11540;1430-1500;;USA;Adventist World Radio;K-W;SEA;/GUM-a;0;;
11540;1500-1530;;USA;Adventist World Radio;NE;SAs;/GUM-a;0;;
11540;1600-1630;;USA;Adventist World Radio;UR;SAs;/GUM-a;0;;
11540;1200-1300;;USA;Radio Free Asia;TB;FE;/MRA-t;0;;
11540;1300-1400;;USA;Radio Free Asia;TB;FE;/KWT;0;;
11550;1200-1500;;CLA;National Unity Bc.Sta.;K;KRE;/TJK-y;5;;
11560;1800-1900;;CHN;CNR1 Jammer/Firedrake;M;FE;;0;;
11560;1130-1200;;CLA;Suab Xaa Moo Zoo;HM;SEA;/TWN-s;1;2909;
11560;1530-1545;;IND;AIR Delhi;E;AFG;b;1;;[0917]
11560;0215-0300;;IND;All India Radio GOS;PS;AFG;p;1;;
11560;0300-0345;;IND;All India Radio GOS;DR;AFG;p;1;;
11560;1315-1415;;IND;All India Radio GOS;DR;AFG;b;1;;
11560;1415-1530;;IND;All India Radio GOS;PS;AFG;b;1;;
11560;1530-1545;;IND;All India Radio GOS;SWA;AFG;b;6;806;806
11560;0740-0750;Tu;RUS;S06 Russian Spy Numbers;R;RUS;xx;1;103;3004[0417]
11560;0740-0750;Tu;RUS;S06 Russian Spy Numbers;R;RUS;xx;1;109;3110[1016]
11560;1800-1900;;USA;Radio Free Asia;M;FE;/MRA-s;0;;
11565;0830-0840;We;RUS;S06 Russian Spy Numbers;R;RUS;xx;1;105;3108[0817]
11570;1430-1530;;CLA;North Korea Reform R.;K;KRE;/UZB;5;;
11570;1130-1200;;CLA;Suab Xaa Moo Zoo;HM;SEA;/TWN-s;6;2603;2809
11580;1300-1330;Mo-Fr;ARG;R.Argentina al Exterior;F;ENA;/USA-o;1;2205;
11580;1400-1500;Mo-Sa;ARG;R.Argentina al Exterior;S;ENA;/USA-o;1;2205;
11580;2100-2200;Mo-Fr;ARG;R.Argentina al Exterior;D;Eu;/USA-o;1;2205;
11580;2200-2300;Mo-Fr;ARG;R.Argentina al Exterior;I;Eu;/USA-o;1;106;
11580;2200-2300;Mo-Fr;ARG;R.Argentina al Exterior;S;Eu;/USA-o;6;2205;3105
11580;2330-2400;Sa;AUS;Hobart Radio Int.;E;ENA;/USA-o;1;;
11580;2300-2400;;CAN;Requiem for Radio;E;NAm;/USA-o;6;2505;2705
11580;2015-2030;Sa;CYP;FG Radio;E;ENA;/USA-o;6;2603;1009
11580;2300-2315;Tu,Th;CYP;FG Radio;E;ENA;/USA-o;1;;
11580;0230-0300;;CZE;Radio Prague;E;ENA;/USA-o;1;;
11580;2200-2300;;D;SWS Bye-bye Sitkunai;E;ENA;/USA-o;6;1504;1504
11580;2200-2300;;D;SWS Bye-bye Sitkunai;E;ENA;/USA-o;6;2204;2204
11580;1200-1215;;GUM;KTWR Trans World Radio;YI;FE;m;1;;
11580;1215-1230;SaSu;GUM;KTWR Trans World Radio;SNT;SAs;m;1;;
11580;1230-1245;SaSu;GUM;KTWR Trans World Radio;DZ;SAs;m;1;;
11580;1245-1315;;GUM;KTWR Trans World Radio;VN;SEA;m;1;;
11580;0130-0200;Sa;I;Radio IBC;E;ENA;/USA-o;1;;
11580;1300-1330;Fr;I;Radio IBC;E;ENA;/USA-o;6;1205;2105
11580;2130-2200;Mo;I;Studio DX;I;ENA;/USA-o;6;2603;2105
11580;2000-2030;Mo;RUS;Radiopanorama;R;ENA;/USA-o;1;;
11580;2315-2330;Sa;RUS;Radiopanorama;R;ENA;/USA-o;1;;
11580;0000-0030;;SVK;Radio Slovakia Int.;SK;ENA;/USA-o;1;;
11580;0030-0100;;SVK;Radio Slovakia Int.;E;ENA;/USA-o;1;;
11580;2100-2130;;SVK;Radio Slovakia Int.;E;ENA;/USA-o;6;2603;2105
11580;2100-2130;SaSu;SVK;Radio Slovakia Int.;E;ENA;/USA-o;1;2205;
11580;0100-0200;We;TWN;PCJ Radio Int.;E;ENA;/USA-o;1;;
11580;0700-0900;10Sep;TWN;PCJ Radio Int.;E;Eu;/USA-o;6;2008;1009
11580;0100-0700;;TWN;Sound of Hope;M;FE;;1;;
11580;0700-0800;;TWN;Sound of Hope;M;FE;;1;;[0617]
11580;0800-1000;;TWN;Sound of Hope;M;FE;;1;;[0917]
11580;1000-1100;;TWN;Sound of Hope;M;FE;;1;;
11580;1100-1400;;TWN;Sound of Hope;M;FE;;1;;
11580;1400-1500;;TWN;Sound of Hope;M;FE;;1;;[0617]
11580;1500-1600;;TWN;Sound of Hope;M;FE;;1;;
11580;2300-0100;;TWN;Sound of Hope;M;FE;;1;;
11580;0200-0230;;UKR;Radio Ukraine Int.;E;ENA;/USA-o;6;2603;3105
11580;0200-0230;Tu-Sa;UKR;Radio Ukraine Int.;E;ENA;/USA-o;1;106;
11580;1330-1400;Mo-Sa;UKR;Radio Ukraine Int.;E;ENA;/USA-o;6;2603;2105
11580;2330-2400;Mo-Fr;UKR;Radio Ukraine Int.;E;ENA;/USA-o;1;;
11580;0130-0200;Tu,Th;USA;Adventist World Radio;E;ENA;o;1;;
11580;0200-0230;Mo;USA;Adventist World Radio;E;ENA;o;1;106;
11580;2000-2030;Fr;USA;Adventist World Radio;E;ENA;o;1;;
11580;2030-2100;Mo;USA;Adventist World Radio;E;ENA;o;1;;
11580;2130-2200;We;USA;Adventist World Radio;E;ENA;o;6;2603;2105
11580;2300-2330;Su;USA;Adventist World Radio;E;ENA;o;1;;
11580;2130-2200;Fr;USA;Blues Radio Int.;E;ENA;o;6;2603;2105
11580;0300-1300;;USA;Brother Stair;E;ENA;o;1;;
11580;1500-2000;;USA;Brother Stair;E;ENA;o;1;;
11580;2030-2100;Fr;USA;Frecuencia al Dia;S;ENA;o;1;;
11580;2130-2200;Tu;USA;Frecuencia al Dia;S;ENA;o;6;2603;2105
11580;1400-1500;;USA;PAB R.Voice of Peace;KRW;Af;o;6;2705;2705
11580;1300-2100;;USA;PAB Radio Africa;E;ENA;o;6;1708;1708
11580;2030-2100;Su;USA;Voice of America;E;ENA;o;6;106;1806
11580;2330-2400;Su;USA;Voice of America;E;ENA;o;6;106;1806
11580;2000-2100;Th;USA;V.o.Report of the Week;E;ENA;o;6;2603;1506
11580;0200-0230;Su;USA;World of Radio;E;ENA;o;1;106;
11580;2130-2200;Th;USA;World of Radio;E;ENA;o;6;2603;2105
11580;2230-2300;Fr;USA;World of Radio;E;ENA;o;6;2603;2105
11580;0100-0115;Mo;USA;WRMI Radio Miami Int.;E;ENA;o;1;;
11580;0100-0130;24567;USA;WRMI Radio Miami Int.;E;ENA;o;1;;
11580;0115-0130;Mo;USA;WRMI Radio Miami Int.;I;ENA;o;1;;
11580;0130-0200;157;USA;WRMI Radio Miami Int.;E;ENA;o;1;;
11580;1300-1330;;USA;WRMI Radio Miami Int.;E;ENA;o;6;2603;2105
11580;1300-1400;SaSu;USA;WRMI Radio Miami Int.;E;ENA;o;1;2205;
11580;1330-1400;Su;USA;WRMI Radio Miami Int.;E;ENA;o;6;2603;2105
11580;1400-1500;;USA;WRMI Radio Miami Int.;E;ENA;o;6;2603;2105
11580;1400-1500;Su;USA;WRMI Radio Miami Int.;E;ENA;o;1;2205;
11580;2000-2015;Sa;USA;WRMI Radio Miami Int.;E;ENA;o;1;;
11580;2000-2100;237;USA;WRMI Radio Miami Int.;E;ENA;o;6;2603;3105
11580;2000-2100;Tu-We;USA;WRMI Radio Miami Int.;E;ENA;o;6;106;1009
11580;2000-2100;Tu;USA;WRMI Radio Miami Int.;E;ENA;o;1;1609;
11580;2000-2100;We,Su;USA;WRMI Radio Miami Int.;S;ENA;o;1;1609;
11580;2015-2030;Sa;USA;WRMI Radio Miami Int.;I;ENA;o;1;1609;
11580;2030-2100;Sa;USA;WRMI Radio Miami Int.;E;ENA;o;1;;
11580;2130-2200;SaSu;USA;WRMI Radio Miami Int.;E;ENA;o;1;;
11580;2200-2300;;USA;WRMI Radio Miami Int.;E;ENA;o;6;2603;2105
11580;2200-2300;SaSu;USA;WRMI Radio Miami Int.;E;ENA;o;1;2205;
11580;2300-2315;1356;USA;WRMI Radio Miami Int.;E;ENA;o;1;;
11580;2315-2330;Mo-Fr;USA;WRMI Radio Miami Int.;E;ENA;o;1;;
11580;2330-2400;Su;USA;WRMI Radio Miami Int.;E;ENA;o;6;2603;3105
11580;2330-2400;Su;USA;WRMI Radio Miami Int.;E;ENA;o;1;1906;
11580;2030-2100;Su;USA;Shortwave Radiogram;E;NAm;o;6;0107;2910[1017]
11580;2330-2400;Su;USA;Shortwave Radiogram;E;NAm;o;6;0107;2910[1017]
11581;1300-1310;Th,Sa;POL;E11 Polish Spy Numbers;E;;p;1;105;3108[0717]
11581;1925-1935;245;POL;E11 Polish Spy Numbers;E;;p;1;105;3108[0617]
11585;1315-1345;Su-Fr;GUM;KTWR Trans World Radio;HI;SAs;m;6;2603;1707
11585;1315-1330;Sa;GUM;KTWR Trans World Radio;MEI;SAs;m;6;2603;1707
11585;1315-1330;Su;GUM;KTWR Trans World Radio;TEL;SAs;m;6;2603;1707
11585;1330-1345;Sa;GUM;KTWR Trans World Radio;NE;SAs;m;6;2603;1707
11585;1345-1400;Mo-Fr;GUM;KTWR Trans World Radio;DO;SAs;m;6;2603;1707
11585;1345-1400;SaSu;GUM;KTWR Trans World Radio;KS;SAs;m;6;2603;1707
11585;1400-1415;Mo-Fr;GUM;KTWR Trans World Radio;GA;SAs;m;6;2603;1707
11585;1400-1430;SaSu;GUM;KTWR Trans World Radio;HI;SAs;m;6;2603;1707
11585;1415-1435;Mo-Fr;GUM;KTWR Trans World Radio;HI;SAs;m;6;2603;1707
11590;1900-1930;;G;End Times Coming Radio;E;ME;/BUL-s;6;608;2910
11590;1600-2000;;USA;Brother Stair;E;ME;/BUL-s;6;3003;404
11590;1800-1900;;USA;Brother Stair;E;ME;/BUL-s;6;608;2910
11590;1800-2030;;USA;Brother Stair;E;ME;/BUL-s;6;504;508
11590;1930-2030;;USA;Brother Stair;E;ME;/BUL-s;6;608;2910
11590;1500-1530;;USA;VoA Radio Ashna;DR;IRN;/THA-u;6;2603;2705
11590;1530-1600;;USA;VoA Radio Ashna;AFG;IRN;/THA-u;6;2603;27055
11590;1600-1630;;USA;VoA Radio Ashna;AFG;IRN;/THA-u;6;2603;2705
11590;1630-1730;;USA;VoA Radio Ashna;PS;IRN;/THA-u;6;2603;2705
11590;1200-1300;;XUU;Unknown Station;J;;/XUU;6;2009;2009
11600;0000-1600;;CHN;CNR1 Jammer/Firedrake;M;CHN;;1;;[0116]
11600;0230-0500;;CLA;Denge Kurdistan;KU;ME;/F;6;2603;1904
11600;0500-1400;;CLA;Denge Kurdistan;KU;ME;/MDA;6;2603;3009
11600;1400-1600;;CLA;Denge Kurdistan;KU;ME;/MDA;6;110;710
11600;1400-1600;;CLA;Denge Kurdistan;KU;ME;/BUL-s;6;2603;3009
11600;1600-1900;;CLA;Denge Kurdistan;KU;ME;/F;6;2603;304
11600;1600-1900;;CLA;Denge Kurdistan;KU;ME;/F;6;409;3009
11600;1600-1930;;CLA;Denge Kurdistan;KU;ME;/F;6;404;309
11600;1900-2030;;CLA;Denge Kurdistan;KU;ME;/MDA;6;2603;304
11600;1900-2100;;CLA;Denge Kurdistan;KU;ME;/MDA;6;409;3009
11600;1930-2030;;CLA;Denge Kurdistan;KU;ME;/MDA;6;404;905
11600;1930-2100;;CLA;Denge Kurdistan;KU;ME;/MDA;6;1005;309
11600;1000-1100;;TWN;Radio Taiwan Int.;IN;INS;p;1;;
11600;1100-1200;;TWN;Radio Taiwan Int.;E;INS;p;1;;
11600;1200-1300;;TWN;Radio Taiwan Int.;AM;SEA;p;1;;
11600;0000-0100;;TWN;Sound of Hope-RFA;M;FE;;1;;[1214]
11600;0100-1400;;TWN;Sound of Hope-RFA;M;FE;;1;;[0917]
11600;1400-1500;;TWN;Sound of Hope-RFA;CA;FE;;1;;[1214]
11600;1500-1600;;TWN;Sound of Hope-RFA;M;FE;;1;;[1214]
11600;1600-2000;;USA;Brother Stair;E;ME;/BUL-s;6;2603;2903
11605;1500-1600;;CHN;CNR1 Jammer/Firedrake;M;CHN;;1;;
11605;1500-1530;;TWN;Radio Taiwan Int.;CA;SEA;p;1;;
11605;1530-1600;;TWN;Radio Taiwan Int.;HK;SEA;p;1;;
11605.1;0800-0900;;TWN;Radio Taiwan Int.;J;J;p;1;;
11610;1300-1400;;CHN;China Radio Int.;BE;SAs;k;0;;
11610;1400-1500;;CHN;China Radio Int.;BE;SAs;k;0;;
11610;1500-1600;;CHN;China Radio Int.;E;NAf;ka;0;;
11610;1600-1700;;CHN;CNR1 Jammer/Firedrake;M;FE;;0;;
11610;0000-0600;;CHN;CNR 2 China Business R.;M;CHN;B;4;;
11610;0600-0855;Th-Tu;CHN;CNR 2 China Business R.;M;CHN;B;1;;
11610;0855-1100;;CHN;CNR 2 China Business R.;M;CHN;B;4;;
11610;0855-1300;;CHN;CNR 2 China Business R.;M;CHN;B;5;;
11610;2300-0600;;CHN;CNR 2 China Business R.;M;CHN;B;5;;
11610;1700-1800;;D;Deutsche Welle;F;Af;/AFS;0;;
11610;2100-2200;;MDG;MWV The Light of Life;M;WEu;m;0;;
11610;1600-1700;;USA;Radio Free Asia;M;FE;/MRA-t;0;;
11615;0600-1200;;TUR;Voice of Turkey;TU;ME;e;6;209;209
11615;1930-2030;;TUR;Voice of Turkey;F;WAf;e;0;;
11615;1800-1830;;USA;Afia Darfur Radio;A;EAf;/G-w;0;;
11615;1900-1930;;USA;Afia Darfur Radio;A;EAf;/STP;0;;
11620;0000-0600;;CHN;China National Radio 5;M;CHN;B;1;;
11620;0600-0900;Th-Tu;CHN;China National Radio 5;M;CHN;B;1;;
11620;0900-1000;;CHN;China National Radio 5;M;CHN;B;1;;
11620;1000-1100;;CHN;China Radio Int.;J;FE;x;0;;
11620;1100-1200;;CHN;China Radio Int.;J;FE;x;0;;
11620;1200-1300;;CHN;China Radio Int.;J;FE;x;0;;
11620;2300-2400;;CHN;China Radio Int.;VN;SEA;b;0;;
11620;1130-1135;;IND;AIR Delhi;HI;PAK;k;1;;
11620;1135-1140;;IND;AIR Delhi;E;PAK;k;1;;[0617]
11620;0135-0240;15Aug;IND;All India Radio GOS;HI;SAs;b;6;1408;1508
11620;0830-1130;;IND;All India Radio GOS;UR;PAK;k;1;;
11620;1515-1600;;IND;All India Radio GOS;GU;EAf;b;8;;
11620;1615-1715;;IND;All India Radio GOS;R;EEu;k;1;;
11620;2045-2230;;IND;All India Radio GOS;E;Oc;b;1;;
11625;0530-0600;;CVA;Radio Vaticana;P;SAf;/MDG;0;;
11625;0600-0630;;CVA;Radio Vaticana;F;CAf;;4;;
11625;0600-0630;;CVA;Radio Vaticana;F;WAf;;6;2603;3107
11625;0630-0700;;CVA;Radio Vaticana;E;CAf;;4;;
11625;0630-0700;;CVA;Radio Vaticana;E;WAf;;6;2603;3107
11625;1600-1615;Sa;CVA;Radio Vaticana;SWA;EAf;/MDG;4;;
11625;1600-1630;Su-Fr;CVA;Radio Vaticana;SWA;EAf;/MDG;4;;
11625;1615-1630;Sa;CVA;Radio Vaticana;SO;EAf;/MDG;4;;
11625;1630-1645;We-Su;CVA;Radio Vaticana;AH;EAf;/MDG;4;;
11625;1645-1700;We-Su;CVA;Radio Vaticana;TIG;EAf;/MDG;4;;
11625;1700-1730;;CVA;Radio Vaticana;F;CAf;/MDG;4;;
11625;1730-1800;;CVA;Radio Vaticana;E;EAf;;4;;
11625;1800-1830;;CVA;Radio Vaticana;P;WAf;;1;;
11625;1900-1930;Sa;CVA;Radio Vaticana;S;WAf;;1;;
11625;1940-2000;Su;CVA;Radio Vaticana;Ros;CAf;;4;;
11625;1700-1800;;G;BBC;E;EAf;/BUL-s;6;106;2007
11625;1700-1715;Mo-Fr;G;BBC;AH;EAf;/MDA;6;2107;2910
11625;1715-1730;Mo-Fr;G;BBC;OO;EAf;/MDA;6;2107;2910
11625;1730-1745;Mo-Fr;G;BBC;TIG;EAf;/MDA;6;2107;2910
11625;1745-1800;Mo-Fr;G;BBC;E;EAf;/MDA;6;2107;2910
11625;1300-1400;;TWN;Radio Taiwan Int.;IN;INS;;1;;
11630;0600-0900;We-Mo;CHN;China National Radio 17;KZ;CHN;L;1;;
11630;0900-1200;;CHN;China National Radio 17;KZ;CHN;L;1;;
11630;1200-1805;;CHN;China National Radio 17;KZ;CHN;L;5;;
11630;2355-0600;;CHN;China National Radio 17;KZ;CHN;L;1;;
11630;1600-1700;;CHN;CNR1 Jammer/Firedrake;M;FE;;6;804;2308
11630;2120-2220;;IRN;IRIB Voice of I.R.Iran;BOS;Eu;k;8;;
11630;0930-1600;tent;KWT;Radio Kuwait;A;EAf;;8;1004;
11630;1430-1457;;PHL;Radio Veritas Asia;UR;SAs;/CVA;0;;
11630;1600-1700;;USA;Voice of America;TB;FE;/D-L;6;804;2308
11635;1000-1100;;CHN;China Radio Int.;E;Sib;b;0;;
11635;1100-1200;;CHN;China Radio Int.;EO;FE;u;0;;
11635;2200-2400;;CHN;CNR1 Jammer/Firedrake;M;FE;;1;;
11635;0754-0850;246;CUB;Cuban Spy Numbers;S;Am;;1;;[0217]
11635;0954-1050;246;CUB;Cuban Spy Numbers;S;Am;;1;;[1114]
11635;1754-1850;;CUB;Cuban Spy Numbers;S;Am;;1;;[0917]
11635;2054-2150;1357;CUB;Cuban Spy Numbers;S;Am;;1;;[0917]
11635;2158-2250;246;CUB;Cuban Spy Numbers;S;Am;;1;;[0916]
11635;1830-1930;;KRE;Voice of Korea;F;ME;u;1;;
11635;1930-2030;;KRE;Voice of Korea;E;ME;u;1;;
11635;2030-2130;;KRE;Voice of Korea KCBS;K;ME;u;1;;
11635;2130-2230;;KRE;Voice of Korea;M;FE;u;1;;
11635;2230-2330;;KRE;Voice of Korea;M;FE;u;1;;
11635;2330-0030;;KRE;Voice of Korea KCBS;K;FE;u;1;;
11635;0800-0810;Tu;RUS;S06 Russian Spy Numbers;R;RUS;xx;1;103;3004[0417]
11635;0800-0810;Tu;RUS;S06 Russian Spy Numbers;R;RUS;xx;1;109;3110[0917]
11635;2200-2300;;TWN;Radio Taiwan Int.;M;SEA;p;1;;
11635;2300-2400;;TWN;Radio Taiwan Int.;M;SEA;p;1;;
11635;0700-0900;;USA;Radio Farda;FS;IRN;/XUU;6;2205;2910
11640;0200-0300;;CHN;China Radio Int.;BE;SAs;k;0;;
11640;0300-0400;;CHN;China Radio Int.;HI;SAs;ka;0;;
11640;0700-0800;;CHN;China Radio Int.;CA;FE;j;0;;
11640;0800-0900;;CHN;China Radio Int.;M;FE;j;0;;
11640;1200-1300;;CHN;China Radio Int.;VN;SEA;x;0;;
11640;1430-1500;;CHN;China Radio Int.;TAG;PHL;b;0;;
11640;1800-1830;;CHN;China Radio Int.;HA;NIG;/MLI;0;;
11640;1830-1930;;CHN;China Radio Int.;A;EAf;/MLI;0;;
11640;1930-2000;;CHN;China Radio Int.;P;SAf;/MLI;0;;
11640;2000-2100;;CHN;China Radio Int.;E;EAf;/MLI;0;;
11640;2100-2130;;CHN;China Radio Int.;E;EAf;/MLI;0;;
11640;0100-0200;;CHN;CNR1 Jammer/Firedrake;M;FE;;0;;
11640;0400-0600;;CHN;CNR1 Jammer/Firedrake;M;FE;;1;;
11640;1000-1400;;CHN;CNR1 Jammer/Firedrake;M;FE;;1;;
11640;1320-1420;;IRN;IRIB Voice of I.R.Iran;R;EEu;s;0;;
11640;1520-1620;;IRN;IRIB Voice of I.R.Iran;E;SAs;k;8;;
11640;0400-0600;;TWN;Radio Taiwan Int.;M;FE;k;1;;
11640;1000-1100;;TWN;Radio Taiwan Int.;M;FE;k;1;;
11640;1100-1200;;TWN;Radio Taiwan Int.;M;FE;k;1;;
11640;1200-1300;;TWN;Radio Taiwan Int.;M;FE;k;1;;
11640;1300-1400;;TWN;Radio Taiwan Int.;M;FE;k;1;;
11640;0100-0200;;USA;Radio Free Asia;UI;FE;/MRA-t;6;2603;1404
11640;0100-0200;;USA;Radio Free Asia;UI;FE;/KWT;6;1504;2910
11645;2245-0045;;IND;All India Radio GOS;E;FE;k;1;;
11645;1530-1630;;KRE;Voice of Korea;A;ME;u;1;;
11645;1630-1730;;KRE;Voice of Korea;E;ME;u;1;;
11645;1730-1830;;KRE;Voice of Korea;A;ME;u;1;;
11650;0100-0200;;CHN;China Radio Int.;M;PAK;u;0;;
11650;0200-0300;;CHN;China Radio Int.;UR;SAs;ka;0;;
11650;0400-0500;;CHN;China Radio Int.;VN;SEA;k;0;;
11650;0500-0600;;CHN;China Radio Int.;VN;SEA;k;0;;
11650;1100-1300;;CHN;China Radio Int.;E;PAK;u;0;;
11650;1300-1400;;CHN;China Radio Int.;EO;SEA;b;0;;
11650;1400-1500;;CHN;China Radio Int.;AM;SEA;k;0;;
11650;1700-1800;;CHN;China Radio Int.;EO;Eu;x;0;;
11650;1800-2000;;CHN;China Radio Int.;D;WEu;u;6;2603;2805
11650;1800-2000;;CHN;China Radio Int.;D;WEu;u;6;306;2207
11650;1800-2000;;CHN;China Radio Int.;D;WEu;u;6;3107;2910
11650;0430-0530;;HOL;Radio Dabanga;SUD;SDN;/CVA;0;;
11650;0330-0430;;HOL;Radio Tamazuj;SUD;SSD;/MDG;0;;
11650;2200-0200;;OMA;Radio Sultanate Oman;A;Eu;t;8;;[1016]
11650;1500-1530;;PHL;FEBC Manila Radio Teos;R;Sib;b;1;;
11650;1530-1600;Mo-Sa;PHL;FEBC Manila Radio Teos;R;Sib;b;1;;
11650;1530-1600;Su;PHL;FEBC Manila Radio Teos;UK;Sib;b;1;;
11650;0800-0900;Su;ROU;Radio Romania Int.;RO;EGY;g;0;;
11650;0900-1000;Su;ROU;Radio Romania Int.;RO;SEu;g;0;;
11650;1000-1100;;ROU;Radio Romania Int.;F;SEu;g;6;2603;2604
11650;1000-1100;;ROU;Radio Romania Int.;F;SEu;g;6;2804;2910
11655;0600-0615;;G;Bible Voice;A;NAf;/D-n;0;;
11655;0740-0750;Tu;RUS;S06 Russian Spy Numbers;R;RUS;xx;1;105;3108[0817]
11655;1600-1630;;S;IBRA Radio;AFA;EAf;/UAE;0;;
11655;2300-2400;;TWN;Radio Taiwan Int.;VN;SEA;p;1;;
11655;0000-0030;;USA;Adventist World Radio;BR;SEA;/CLN-t;0;;
11655;0030-0100;;USA;Adventist World Radio;KA;SEA;/CLN-t;0;;
11660;1100-1300;;CHN;China Radio Int.;E;SAs;ka;0;;
11660;1300-1400;;CHN;China Radio Int.;E;SAs;ka;0;;
11660;1400-1500;;CHN;China Radio Int.;UR;SAs;k;0;;
11660;1730-1830;;CHN;China Radio Int.;M;Eu;s;0;;
11660;2030-2230;;CHN;China Radio Int.;F;SEu;ka;0;;
11660;0100-0600;;CHN;CNR 2 China Business R.;M;CHN;x;1;;
11660;0600-0855;Th-Tu;CHN;CNR 2 China Business R.;M;CHN;x;1;;
11660;0855-1100;;CHN;CNR 2 China Business R.;M;CHN;x;5;;
11660;0629-0700;;G;BBC;HA;WAf;w;0;;
11660;1630-1700;Mo-Fr;G;BBC;KNK;EAf;/AFS;0;;
11660;1930-2000;;G;BBC;HA;WAf;/ASC;0;;
11660;2000-2030;Fr;G;BBC;HA;WAf;/ASC;0;;
11660;1630-1645;Su-Mo;SWZ;Trans World Radio;AH;ETH;;4;;
11660;1630-1645;Fr,Sa;SWZ;Trans World Radio;KAM;ETH;;4;;
11660;1630-1645;Tu;SWZ;Trans World Radio;OO;ETH;;4;;
11660;1630-1700;We-Th;SWZ;Trans World Radio;OO;ETH;;4;;
11660;1645-1700;Mo-We;SWZ;Trans World Radio;BNA;ETH;;4;;
11660;1645-1700;Fr,Sa;SWZ;Trans World Radio;HAD;ETH;;4;;
11660;1645-1700;Su;SWZ;Trans World Radio;OO;ETH;;4;;
11660;1700-1715;;SWZ;Trans World Radio;AH;ETH;;4;;
11660;1715-1730;Su-Fr;SWZ;Trans World Radio;AH;ETH;;4;;
11660;1715-1800;Sa;SWZ;Trans World Radio;OO;ETH;;4;;
11660;1730-1800;Mo-Fr;SWZ;Trans World Radio;OO;ETH;;4;;
11660;1730-1830;Su;SWZ;Trans World Radio;AH;ETH;;4;;
11665;1500-1530;;CHN;China Radio Int.;PS;AFG;k;0;;
11665;1530-1600;;CHN;China Radio Int.;PS;AFG;k;0;;
11665;1315-1400;Mo,Th;MLA;RTM Wai FM Limbang;ML;MLA;ka;1;;[0917]
11665;1601-1657;irr;MLA;RTM Sarawak FM;ML;MLA;ka;1;;[0517]
11665;2300-1601;;MLA;RTM Wai FM;ML;MLA;ka;1;;[0917]
11670;1200-1300;;CHN;China Radio Int.;E;CAs;x;0;;
11670;1600-1700;;CHN;CNR1 Jammer/Firedrake;M;FE;;6;1905;2910
11670;0600-0855;Th-Tu;CHN;CNR 2 China Business R.;M;CHN;B;1;;
11670;0855-1200;;CHN;CNR 2 China Business R.;M;CHN;B;1;;
11670;2230-0600;;CHN;CNR 2 China Business R.;M;CHN;B;5;;
11670;2330-0600;;CHN;CNR 2 China Business R.;M;CHN;B;4;;
11670;0000-0100;;CUB;Radio Habana Cuba;S;SAm;b;1;;
11670;0100-0200;;CUB;Radio Habana Cuba;S;SAm;b;1;;
11670;0200-0400;;CUB;Radio Habana Cuba;S;SAm;b;5;;
11670;0200-0300;;CUB;Radio Habana Cuba;S;SAm;b;4;;
11670;0300-0500;;CUB;Radio Habana Cuba;S;SAm;b;4;;
11670;2300-2400;;CUB;Radio Habana Cuba;S;SAm;b;1;;
11670;0215-0300;;IND;All India Radio GOS;PS;AFG;b;1;;
11670;0300-0345;;IND;All India Radio GOS;DR;AFG;b;1;;
11670;0400-0430;;IND;All India Radio GOS;FS;ME;b;1;;
11670;0430-0530;;IND;All India Radio GOS;A;ME;b;1;;
11670;0530-0600;Haj;IND;All India Radio GOS;UR;ME;b;1;;
11670;1600-1700;;USA;Radio Free Asia;UI;FE;/D-b;6;1905;2910
11675;1300-1400;;CHN;China Radio Int.;HI;PAK;u;0;;
11675;1400-1500;;CHN;China Radio Int.;E;PAK;u;0;;
11675;0600-1200;;TUR;Voice of Turkey;TU;ME;e;0;;
11680;1200-1300;;CHN;China Radio Int.;KH;SEA;n;0;;
11680;1700-1800;;CHN;China Radio Int.;SWA;EAf;x;0;;
11680;2300-2400;;CHN;China Radio Int.;J;FE;x;0;;
11680;2030-1830;;KRE;KCBS Pyongyang;K;KRE;k;1;;[0117]
11680;1900-2000;;USA;Adventist World Radio;A;ME;/MDG;0;;
11680;0500-0800;Mo-Fr;ZMB;Voice of Hope Africa;E;SAf;m;1;2907;
11685;0000-0200;;CHN;China National Radio 11;TB;CHN;as;1;;
11685;0200-0300;;CHN;China National Radio 11;AMD;CHN;as;1;;
11685;0300-0400;;CHN;China National Radio 11;KHA;CHN;as;1;;
11685;0400-0600;;CHN;China National Radio 11;TB;CHN;as;1;;
11685;0600-0900;Th-Tu;CHN;China National Radio 11;TB;CHN;as;1;;
11685;0900-1100;;CHN;China National Radio 11;TB;CHN;as;5;;
11685;1100-1300;;CHN;China National Radio 11;TB;CHN;as;5;;
11685;1400-1500;;CHN;China Radio Int.;TAM;SAs;ka;0;;
11685;1500-1600;;CHN;China Radio Int.;TAM;SAs;ka;0;;
11685;1800-1900;;G;BBC;E;EAf;/BUL-s;6;2603;3108
11685;1300-1345;;J;NHK Radio Japan;BE;SAs;/SNG;0;;
11685;1500-1600;;TWN;Radio Taiwan Int.;E;INS;p;1;;
11690;2300-2400;;CHN;China Radio Int.;E;FE;b;0;;
11690;2200-2400;1.Fr;FIN;Scandinavian Weekend R.;FI;Eu;v;5;;
11690;2300-2400;1.Fr;FIN;Scandinavian Weekend R.;FI;Eu;v;4;;
11690;2300-2400;24Dec;FIN;Scandinavian Weekend R.;FI;Eu;v;4;;
11690;0000-0700;1.Sa;FIN;Scandinavian Weekend R.;FI;Eu;v;5;;
11690;0000-0800;1.Sa;FIN;Scandinavian Weekend R.;FI;Eu;v;4;;
11690;0000-0800;25Dec;FIN;Scandinavian Weekend R.;FI;Eu;v;4;;
11690;1300-1600;1.Sa;FIN;Scandinavian Weekend R.;FI;Eu;v;2;;
11690;1400-1700;25Dec;FIN;Scandinavian Weekend R.;FI;Eu;v;4;;
11690;1800-2100;1.Sa;FIN;Scandinavian Weekend R.;FI;Eu;v;2;;
11690;1900-2200;25Dec;FIN;Scandinavian Weekend R.;FI;Eu;v;4;;
11690;1836-2050;Su-Fr;NZL;RNZI DIGITAL;E;SOc;r;6;110;2910
11690;1840-1852;Su-Th;NZL;RNZI DIGITAL;SM;SOc;r;6;110;2910
11690;1852-1900;Mo-Fr;NZL;RNZI DIGITAL;NIU;SOc;r;6;110;2910
11690;1940-1950;Su-Th;NZL;RNZI DIGITAL;TO;SOc;r;6;110;2910
11690;1951-2050;Su-Fr;NZL;RNZI DIGITAL;E;SOc;r;6;2603;2707
11695;1800-2000;;CHN;China Radio Int.;F;NAf;/ALB-c;0;;
11695;1700-1710;;G;Bible Voice;A;ME;/BUL-s;6;104;2910
11695;1700-1715;;G;Bible Voice;A;ME;/BUL-s;6;2603;3103
11695;1710-1730;Mo,We;G;Bible Voice;A;ME;/BUL-s;6;104;2910
11695;1710-1745;245;G;Bible Voice;A;ME;/BUL-s;6;104;2910
11695;1715-1745;Tu;G;Bible Voice;A;ME;/BUL-s;6;2603;3103
11695;1715-1745;Sa;G;Bible Voice;A;ME;/BUL-s;6;104;2910
11695;1715-1800;135;G;Bible Voice;A;ME;/BUL-s;6;2603;3103
11695;1130-1200;Mo-Fr;GUM;KTWR Trans World Radio;M;FE;m;1;;
11695;1145-1200;Mo-Sa;GUM;KTWR Trans World Radio;M;FE;m;1;;
11695;1200-1230;Mo-Fr;GUM;KTWR Trans World Radio;ASS;SAs;m;1;;
11695;1230-1300;Sa;GUM;KTWR Trans World Radio;E;SAs;m;1;;
11695;1230-1300;Mo-Fr;GUM;KTWR Trans World Radio;KBO;SAs;m;1;;
11695;1245-1300;Su;GUM;KTWR Trans World Radio;KBO;SAs;m;0;;
11695;1400-1415;Sa;GUM;KTWR Trans World Radio;HI;SAs;m;0;;
11695;2050-2150;;IRN;IRIB Voice of I.R.Iran;J;J;k;8;;
11695;1100-1130;;J;NHK Radio Japan;E;SEA;/SNG;0;;
11695;1330-1430;;USA;Voice of America;KH;SEA;/PHL-t;0;;
11700;1430-1450;;CVA;Radio Vaticana;HI;SAs;/PHL-p;0;;
11700;1450-1510;;CVA;Radio Vaticana;TAM;SAs;/PHL-p;0;;
11700;1510-1530;;CVA;Radio Vaticana;MAL;SAs;/PHL-p;0;;
11700;1530-1600;Sa;CVA;Radio Vaticana;E;SAs;/PHL-p;0;;
11700;0400-0500;;F;Radio France Int.;F;EAf;;0;;
11700;0500-0600;;F;Radio France Int.;F;CAf;;0;;
11700;0600-0700;;F;Radio France Int.;F;WAf;;0;;
11700;0700-0800;;F;Radio France Int.;F;WAf;;0;;
11700;2000-2030;;F;Radio France Int.;HA;CAf;;6;309;2810
11700;0000-0030;;G;BBC;BR;SEA;/SNG;0;;
11700;0030-0100;;G;BBC;BE;SAs;/SNG;0;;
11700;1645-1700;;G;Bible Voice;A;ME;/BUL-s;0;;
11700;1715-1745;Tu;G;Bible Voice;A;ME;/BUL-s;0;;
11700;1715-1800;135;G;Bible Voice;A;ME;/BUL-s;0;;
11700;1200-1230;;ROU;Radio Romania Int.;RO;ME;g;6;2603;2604
11700;1200-1230;;ROU;Radio Romania Int.;RO;ME;g;6;2804;2910
11700;2300-2400;;ROU;Radio Romania Int.;S;SAm;t;0;;
11705;0100-0300;;CHN;CNR1 Jammer/Firedrake;M;FE;;0;;
11705;1315-1400;;J;NHK Radio Japan;IN;SEA;/PLW;0;;
11705;1400-1430;;J;NHK Radio Japan;E;SEA;/PLW;0;;
11705;0100-0300;;USA;Radio Free Asia;TB;FE;/KWT;0;;
11710;1000-1805;;CHN;China National Radio 1;M;CHN;b;1;;
11710;2023-0030;;CHN;China National Radio 1;M;CHN;b;5;;
11710;2023-0130;;CHN;China National Radio 1;M;CHN;b;4;;
11710;0500-0600;;CHN;China Radio Int.;E;EGY;/ALB-c;0;;
11710;0600-0700;;CHN;China Radio Int.;E;EGY;/ALB-c;0;;
11710;0600-0700;;CHN;China Radio Int.;M;SEA;n;0;;
11710;0700-0800;;CHN;China Radio Int.;M;SEA;n;0;;
11710;0800-0900;;CHN;China Radio Int.;E;FE;x;0;;
11710;0900-1000;;CHN;China Radio Int.;E;FE;x;0;;
11710;1215-1315;;IND;All India Radio;BR;SEA;k;0;;
11710;1615-1730;;IND;All India Radio GOS;FS;ME;k;1;;
11710;1730-1945;;IND;All India Radio GOS;A;ME;k;1;;
11710;1945-2030;;IND;All India Radio GOS;F;WAf;k;1;;
11710;1030-1130;;KRE;Voice of Korea;E;LAm;u;5;;
11710;1130-1230;;KRE;Voice of Korea;F;LAm;u;5;;
11710;1230-1330;;KRE;Voice of Korea KCBS;K;LAm;u;5;;
11710;1330-1430;;KRE;Voice of Korea;E;NAm;u;1;;
11710;1430-1530;;KRE;Voice of Korea;F;NAm;u;1;;
11710;1530-1630;;KRE;Voice of Korea;E;NAm;u;1;;
11710;1630-1730;;KRE;Voice of Korea;F;NAm;u;1;;
11710;1730-1830;;KRE;Voice of Korea KCBS;K;NAm;u;1;;
11710;0330-0345;157;USA;Trans World Radio;AH;EAf;/UAE;0;;
11710;0330-0345;Tu;USA;Trans World Radio;OO;EAf;/UAE;0;;
11710;0330-0345;We,Th;USA;Trans World Radio;SID;EAf;/UAE;0;;
11710.7;0000-0100;;ARG;R.Argentina al Exterior;S;Am;g;8;;
11710.7;0100-0200;;ARG;R.Argentina al Exterior;M;Am;g;8;;
11710.7;0200-0300;;ARG;R.Argentina al Exterior;F;Am;g;8;;
11710.7;0300-0400;;ARG;R.Argentina al Exterior;E;Am;g;8;;
11710.7;0400-0500;;ARG;R.Argentina al Exterior;S;Am;g;8;;
11715;0400-0430;;CVA;Radio Vaticana;A;ME;;6;2603;3107
11715;1550-1610;;CVA;Radio Vaticana;AR;Cau;;5;;
11715;1610-1640;;CVA;Radio Vaticana;R;EEu;;5;;
11715;1640-1700;;CVA;Radio Vaticana;UK;EEu;;5;;
11715;1700-1720;;CVA;Radio Vaticana;BY;EEu;;5;;
11715;1200-1500;;HOL;Hit Mix Radio;E;Eu;/BUL-s;6;2207;2207
11715;1200-1500;Sa;HOL;Studio 52;E;Eu;/BUL-s;6;306;3006
11715.1;0100-0700;;TWN;Sound of Hope;M;FE;;1;;[0617]
11715.1;0700-0800;;TWN;Sound of Hope;M;FE;;1;;
11715.1;0800-1000;;TWN;Sound of Hope;M;FE;;1;;[0917]
11715.1;1000-1100;;TWN;Sound of Hope;M;FE;;1;;
11715.1;1100-1400;;TWN;Sound of Hope;M;FE;;1;;
11715.1;1400-1500;;TWN;Sound of Hope;M;FE;;1;;[1214]
11715.1;1500-1600;;TWN;Sound of Hope;M;FE;;1;;[1214]
11715.1;1600-1700;;TWN;Sound of Hope;M;FE;;1;;[0415]
11715.1;2100-2200;;TWN;Sound of Hope;M;FE;;1;;[1214]
11715.1;2200-2300;;TWN;Sound of Hope;M;FE;;1;;
11715.1;2300-0100;;TWN;Sound of Hope;M;FE;;1;;
11720;0600-0900;We-Mo;CHN;China National Radio 1;M;CHN;s;1;;
11720;0900-1100;;CHN;China National Radio 1;M;CHN;s;1;;
11720;2330-0600;;CHN;China National Radio 1;M;CHN;s;1;;
11720;1100-1200;;CHN;China Radio Int.;VN;SEA;a;0;;
11720;1200-1300;;CHN;China Radio Int.;VN;SEA;a;0;;
11720;2100-2200;1.Fr;FIN;Scandinavian Weekend R.;FI;Eu;v;2;;
11720;2200-2300;24Dec;FIN;Scandinavian Weekend R.;FI;Eu;v;4;;
11720;0700-1300;1.Sa;FIN;Scandinavian Weekend R.;FI;Eu;v;2;;
11720;0800-1400;25Dec;FIN;Scandinavian Weekend R.;FI;Eu;v;4;;
11720;1600-1800;1.Sa;FIN;Scandinavian Weekend R.;FI;Eu;v;2;;
11720;1700-1900;25Dec;FIN;Scandinavian Weekend R.;FI;Eu;v;4;;
11720;1420-1520;;IRN;IRIB Voice of I.R.Iran;BE;ME;k;8;;
11720;1730-1800;Mo-Fr;USA;Voice of America;OO;EAf;/STP;6;2603;3105
11720;1730-1800;Mo-Fr;USA;Voice of America;OO;EAf;/AFS;6;106;2910
11720;1800-1900;;USA;Voice of America;AH;EAf;/D-L;6;2603;3105
11720;1800-1900;;USA;Voice of America;AH;EAf;/THA-u;6;106;2910
11720;1900-1930;Mo-Fr;USA;Voice of America;TIG;EAf;/D-L;6;2603;3105
11720;1330-1700;;VTN;Voice of Vietnam 1;VN;Oc;s;1;;
11720;2145-1030;;VTN;Voice of Vietnam 1;VN;Oc;s;1;;
11720;1030-1330;;VTN;Voice of Vietnam 4;VN;SEA;s;1;;
11725;1600-1800;;CHN;China Radio Int.;A;NAf;/ALB-c;0;;
11725;0259-0458;;NZL;Radio New Zealand Int.;E;Oc;r;6;207;3009
11725;0359-0458;;NZL;Radio New Zealand Int.;E;Oc;r;6;110;2910
11725;0459-0658;;NZL;Radio New Zealand Int.;E;Oc;r;6;2603;107
11725;1959-2058;Sa;NZL;Radio New Zealand Int.;E;Oc;r;0;;
11730;0230-0330;;CHN;China Radio Int.;NE;FE;k;0;;
11730;0040-0100;;CVA;Radio Vaticana;HI;SAs;;6;705;3107
11730;0100-0120;;CVA;Radio Vaticana;TAM;SAs;;6;705;3107
11730;0120-0140;;CVA;Radio Vaticana;MAL;SAs;;6;705;3107
11730;0530-0600;;J;NHK Radio Japan;F;WAf;/F;0;;
11730;0400-0500;;SSD;Eye Radio;Vn;SSD;/F;5;;
11730;0700-0800;;TUR;Voice of Turkey;AZ;Cau;e;0;;
11735;0950-2059;;B;Radio Transmundial;P;SAm;sm;3;;[0917]
11735;0330-0430;;KRE;Voice of Korea;S;LAm;u;1;;
11735;0430-0530;;KRE;Voice of Korea;E;LAm;u;1;;
11735;0530-0630;;KRE;Voice of Korea;S;LAm;u;1;;
11735;0630-0730;;KRE;Voice of Korea;F;LAm;u;1;;
11735;0730-0930;;KRE;Voice of Korea;R;FE;u;1;;
11735;0930-1030;;KRE;Voice of Korea;K;FE;u;8;;
11735;1030-1130;;KRE;Voice of Korea;E;SEA;u;5;;
11735;1130-1230;;KRE;Voice of Korea;F;SEA;u;5;;
11735;1230-1330;;KRE;Voice of Korea KCBS;K;SEA;u;5;;
11735;1330-1430;;KRE;Voice of Korea;M;SEA;u;5;;
11735;1430-1530;;KRE;Voice of Korea KCBS;K;SEA;u;5;;
11735;1459-2058;;TZA;ZBC Radio;SWA;EAf;z;1;;[1017]
11735;1800-1810;irr;TZA;ZBC Radio;E;EAf;z;1;;[1017]
11735;2058-2130;irr;TZA;ZBC Radio/Spice FM;SWA;EAf;z;1;;[0117]
11740;1100-1605;;CHN;CNR 2 China Business R.;M;CHN;L;1;;
11740;2055-0100;;CHN;CNR 2 China Business R.;M;CHN;L;1;;
11740;0610-0700;Su;CVA;Radio Vaticana;UK;UKR;;2;110;
11740;0615-0745;Su;CVA;Radio Vaticana;UK;UKR;;6;2603;3009
11740;0645-0705;Mo-Sa;CVA;Radio Vaticana;A;NAf;;6;2603;3107
11740;0000-0045;;IND;All India Radio GOS;TAM;SEA;p;1;;
11740;0045-0115;;IND;All India Radio GOS;SI;CLN;p;1;;
11740;0135-0240;15Aug;IND;All India Radio GOS;E;As;p;6;1408;1508
11740;2045-2230;;IND;All India Radio GOS;E;Oc;p;1;;
11740;2300-2400;;IND;All India Radio GOS;HI;SEA;p;1;;
11740;1730-2030;;IRN;IRIB Voice of I.R.Iran;A;ME;k;8;;
11740;1030-1100;;J;NHK Radio Japan;BR;SEA;/SNG;0;;
11740;1100-1130;;J;NHK Radio Japan;VN;SEA;/SNG;0;;
11740;1130-1200;;J;NHK Radio Japan;T;SEA;/SNG;0;;
11740;1230-1300;;J;NHK Radio Japan;T;SEA;/SNG;0;;
11740;1300-1330;;J;NHK Radio Japan;VN;SEA;/SNG;0;;
11740;1430-1500;;J;NHK Radio Japan;BR;SEA;/SNG;0;;
11742;0600-0610;Fr;RUS;S06 Russian Spy Numbers;R;RUS;xx;1;105;3108[0814]
11745;0700-1700;;ARS;BSKSA Al-Azm Radio;A;YEM;;6;1109;2209
11745;0700-2100;;ARS;BSKSA Al-Azm Radio;A;YEM;;1;2309;
11745;0200-0300;;CHN;CNR1 Jammer/Firedrake;M;FE;;0;;
11745;0725-0950;13Apr;CVA;Radio Vaticana;VN;VTN;/PHL-t;6;1304;1304
11745;0755-0930;16Apr;CVA;Radio Vaticana;VN;VTN;/PHL-t;6;1304;1604
11745;0200-0300;;USA;Radio Free Asia;TB;FE;/KWT;0;;
11750;0600-0800;We-Mo;CHN;China National Radio 1;M;CHN;s;4;;
11750;0600-0900;We-Mo;CHN;China National Radio 1;M;CHN;s;5;;
11750;0900-1000;;CHN;China National Radio 1;M;CHN;s;5;;
11750;2200-0600;;CHN;China National Radio 1;M;CHN;s;1;;
11750;1100-1200;;CHN;China Radio Int.;M;Oc;b;0;;
11750;1900-2000;;CHN;China Radio Int.;P;SEu;j;0;;
11750;1630-1830;;CLN;SLBC City FM;SI;ME;t;1;;[0717]
11750;1330-1400;;G;BBC;BE;SAs;/UZB;0;;
11750;1400-1430;;PHL;FEBC Manila;LAH;SEA;b;1;;
11750;0600-0900;;TUR;Voice of Turkey;TU;CAs;e;0;;
11750;0900-1000;;TUR;Voice of Turkey;A;ME;e;0;;
11750;1100-1200;;USA;Adventist World Radio;M;FE;/GUM-a;0;;
11750;2100-2200;;USA;Adventist World Radio;M;FE;/GUM-a;0;;
11750;0330-0400;;USA;Voice of America;SO;EAf;/CVA;6;2603;3103
11750;0500-0530;;USA;Voice of America;HA;WAf;/CVA;0;;
11750;1030-1100;;USA;Voice of America;SO;EAf;/BOT;0;;
11750;1500-1530;;USA;Voice of America;HA;WAf;/STP;0;;
11750;1530-1600;Mo-Fr;USA;Voice of America;HA;WAf;/STP;0;;
11750;2000-2100;Su;USA;World Harvest Radio 2;E;Eu;c;6;2603;705
11750;2000-2100;Su;USA;World Harvest Radio 2;E;Eu;c;6;110;2910
11750;2000-2100;Su;USA;World Harvest Radio 2;E;Eu;c;8;;
11750;2000-2200;;USA;World Harvest Radio 2;E;Eu;c;8;;
11755;1530-1600;;USA;Adventist World Radio;OR;SAs;/UZB;0;;
11760;0600-0700;;ALG;Radio Algerienne;A;CAf;b;8;;
11760;0000-0600;;CHN;China National Radio 1;M;CHN;s;1;;
11760;0600-0900;We-Mo;CHN;China National Radio 1;M;CHN;s;1;;
11760;0900-1000;;CHN;China National Radio 1;M;CHN;s;4;;
11760;0900-1200;;CHN;China National Radio 1;M;CHN;s;5;;
11760;1200-1300;;CHN;China Radio Int.;E;Oc;k;0;;
11760;1300-1400;;CHN;China Radio Int.;E;Oc;k;0;;
11760;0000-0100;;CUB;Radio Habana Cuba;S;Am;b;1;;
11760;0100-0200;;CUB;Radio Habana Cuba;S;Am;b;1;;
11760;0200-0300;;CUB;Radio Habana Cuba;S;Am;b;4;;
11760;1100-1300;;CUB;Radio Habana Cuba;S;Am;b;2;;
11760;1300-1400;;CUB;Radio Habana Cuba;S;Am;b;2;;
11760;1400-1500;;CUB;Radio Habana Cuba;S;Am;b;2;;
11760;1500-1530;Su;CUB;Radio Habana Cuba;EO;Am;b;2;;
11760;1500-1530;Mo-Sa;CUB;Radio Habana Cuba;S;Am;b;2;;
11760;1530-1800;;CUB;Radio Habana Cuba;S;Am;b;2;;
11760;2100-2300;;CUB;Radio Habana Cuba;S;Am;b;2;;
11760;2300-2400;;CUB;Radio Habana Cuba;S;Am;b;5;;
11760;1200-1227;;PHL;Radio Veritas Asia;K-W;SEA;p;0;;
11760;1700-1800;;USA;Voice of America;KU;ME;/D-b;0;;
11764.6;0000-2400;;B;Super Radio Deus e Amor;P;SAm;cu;1;;[0917]
11765;1900-2000;;ALG;Radio Algerienne;A;WAf;/F;6;309;2810
11765;2000-2100;;ALG;Radio Algerienne;A;WAf;/F;6;309;2810
11765;1400-1500;;ALS;KNLS New Life Station;E;FE;ap;0;;
11765;1400-1500;;CHN;China Radio Int.;E;PAK;u;0;;
11765;2100-1500;;CHN;CNR1 Jammer/Firedrake;M;FE;;1;;
11765;1200-1300;;TWN;Radio Taiwan Int.;VN;SEA;p;6;2603;1907
11765;1300-1400;;TWN;Radio Taiwan Int.;M;SEA;p;1;;
11765;1500-1630;;TUR;Voice of Turkey;AFG;AFG;e;0;;
11765.1;0100-0700;;TWN;Sound of Hope;M;FE;;1;;[0617]
11765.1;0700-0800;;TWN;Sound of Hope;M;FE;;1;;
11765.1;0800-1000;;TWN;Sound of Hope;M;FE;;1;;
11765.1;1000-1100;;TWN;Sound of Hope;M;FE;;1;;
11765.1;1100-1400;;TWN;Sound of Hope;M;FE;;1;;
11765.1;1400-1500;;TWN;Sound of Hope;M;FE;;1;;[1214]
11765.1;2100-2200;;TWN;Sound of Hope;M;FE;;1;;[1214]
11765.1;2200-2300;;TWN;Sound of Hope;M;FE;;1;;
11765.1;2300-0100;;TWN;Sound of Hope;M;FE;;1;;
11770;0000-0100;;CHN;China Radio Int.;VN;SEA;b;0;;
11770;0100-0200;;CHN;China Radio Int.;E;SAs;ka;0;;
11770;0100-0200;;CHN;China Radio Int.;M;SEA;n;0;;
11770;0200-0300;;CHN;China Radio Int.;E;SAs;ka;0;;
11770;0300-1200;;CHN;PBS Xinjiang;M;CHN;uc;1;;
11770;1200-1205;;CHN;PBS Xinjiang;M;CHN;uc;5;;
11770;1205-1800;;CHN;PBS Xinjiang;M;CHN;uc;5;;
11770;2300-0300;;CHN;PBS Xinjiang;M;CHN;uc;5;;
11770;0700-0800;;G;BBC;E;WAf;/ASC;6;2603;2404
11770;0700-0800;;G;BBC;E;WAf;w;6;2504;2704
11770;0700-0800;;G;BBC;E;WAf;/ASC;6;2804;507
11770;0700-0800;;G;BBC;E;WAf;w;6;607;1207
11770;0700-0800;;G;BBC;E;WAf;/ASC;6;1307;1508
11770;0700-0800;;G;BBC;E;WAf;w;6;1608;3108
11770;0700-0800;;G;BBC;E;WAf;/ASC;6;109;2910
11770;1600-1630;irr;NIG;Voice of Nigeria;SWA;WAf;i;8;;[0216]
11770;1630-1700;irr;NIG;Voice of Nigeria;YO;WAf;i;8;;[0216]
11770;1730-1800;irr;NIG;Voice of Nigeria;A;WAf;i;8;;[0216]
11775;0500-0700;;CHN;China Radio Int.;A;NAf;/ALB-c;0;;
11775;1800-2000;;CHN;China Radio Int.;D;WEu;ka;6;2603;509
11775;1800-2000;;CHN;China Radio Int.;D;WEu;ka;6;2709;2910
11775;1215-1330;;CHN;CNR1 Jammer/Firedrake;M;FE;;1;;
11775;1215-1330;;IND;All India Radio GOS;TB;Tib;p;1;;
11775;1330-1430;;IND;All India Radio GOS;NE;NPL;p;1;;
11775;1515-1600;;J;NHK Radio Japan;UR;SAs;/UAE;0;;
11775;1000-2207;irr;USA;Dr.Gene Scott;E;NAm;/AIA;6;2603;0509[0917]
11775;1000-2207;irr;USA;Dr.Gene Scott;E;NAm;/AIA;1;2409;[0917]
11775.1;0100-0700;;TWN;Sound of Hope;M;FE;;1;;[0617]
11775.1;0700-0800;;TWN;Sound of Hope;M;FE;;1;;
11775.1;0800-1000;;TWN;Sound of Hope;M;FE;;1;;[0917]
11775.1;1000-1100;;TWN;Sound of Hope;M;FE;;1;;
11775.1;1100-1400;;TWN;Sound of Hope;M;FE;;1;;
11775.1;1400-1500;;TWN;Sound of Hope;M;FE;;1;;[0814]
11775.1;1500-1600;;TWN;Sound of Hope;M;FE;;1;;[0814]
11775.1;1600-1700;;TWN;Sound of Hope;M;FE;;1;;[0415]
11775.1;2100-2200;;TWN;Sound of Hope;M;FE;;1;;
11775.1;2200-2300;;TWN;Sound of Hope;M;FE;;1;;[0814]
11775.1;2300-0100;;TWN;Sound of Hope;M;FE;;1;;[0417]
11780;0800-1500;;B;Radio Nacional Amazonia;P;B;b;8;;[0317]
11780;1500-1630;Mo-Sa;B;Radio Nacional Amazonia;P;B;b;8;;
11780;1630-2300;Mo-Fr;B;Radio Nacional Amazonia;P;B;b;8;;[0317]
11780;0000-0700;4;B;Radio Nacional Brasilia;P;B;b;8;;
11780;0000-0800;5;B;Radio Nacional Brasilia;P;B;b;8;;[0916]
11780;1500-1630;Su;B;Radio Nacional Brasilia;P;B;b;8;;
11780;1630-2300;SaSu;B;Radio Nacional Brasilia;P;B;b;8;;[0317]
11780;2200-2400;4;B;Radio Nacional Brasilia;P;B;b;8;;
11780;2300-2400;5;B;Radio Nacional Brasilia;P;B;b;8;;[0816]
11780;0000-0100;;CHN;China Radio Int.;M;FE;j;0;;
11780;1300-1400;;CHN;China Radio Int.;BR;SEA;k;0;;
11780;1400-1500;;CHN;China Radio Int.;BR;SEA;k;0;;
11780;0930-0940;Fr;RUS;S06 Russian Spy Numbers;R;RUS;xx;1;111;2802[0217]
11780;0100-0200;;USA;VoA Deewa Radio;PS;AFG;/UAE;6;2603;2104
11780;0200-0300;;USA;VoA Deewa Radio;PS;AFG;/UAE;6;2603;2104
11780;0300-0400;;USA;VoA Deewa Radio;PS;AFG;/KWT;6;2603;2104
11780;1830-1900;Mo-Fr;USA;Voice of America;KNK;EAf;/CVA;0;;
11780;1930-2000;Mo-Fr;USA;Voice of America;KNK;EAf;/BOT;0;;
11785;1400-1500;;CHN;China Radio Int.;M;Eu;ka;0;;
11785;0900-1100;;CHN;CNR1 Jammer/Firedrake;M;FE;;0;;
11785;1100-1200;;CHN;CNR1 Jammer/Firedrake;M;FE;;0;;
11785;1200-1300;;CHN;CNR1 Jammer/Firedrake;M;FE;;0;;
11785;1300-1400;;CHN;CNR1 Jammer/Firedrake;M;FE;;0;;
11785;2300-2400;;CHN;CNR1 Jammer/Firedrake;M;FE;;0;;
11785;2300-2400;;USA;Radio Free Asia;M;FE;/MRA-t;0;;
11785;0900-1100;;USA;Voice of America;M;FE;/THA-u;0;;
11785;1100-1200;;USA;Voice of America;M;FE;/PHL-t;0;;
11785;1200-1300;;USA;Voice of America;M;FE;/THA-u;0;;
11785;1300-1400;;USA;Voice of America;M;FE;/PHL-t;0;;
11790;0000-0100;;CHN;China Radio Int.;E;SEA;x;0;;
11790;1200-1400;;CHN;China Radio Int.;M;EAf;ka;0;;
11790;1500-1600;;CHN;China Radio Int.;R;Eu;u;0;;
11790;2300-2400;;CHN;China Radio Int.;E;SEA;x;0;;
11790;0430-0500;;F;Radio France Int.;SWA;EAf;;6;2603;209
11790;0300-0400;;J;NHK Radio Japan;J;FE;y;0;;
11790;0530-0600;;J;NHK Radio Japan;R;FE;y;0;;
11790;2200-2300;;MDG;MWV Radio Feda;A;ME;m;0;;
11790;0630-0700;;ROU;Radio Romania Int.;A;ME;g;6;2603;2604
11790;0630-0700;;ROU;Radio Romania Int.;A;ME;g;6;2804;2910
11790;0700-0800;Su;ROU;Radio Romania Int.;RO;ME;t;0;;
11790;1700-1728;;USA;Adventist World Radio;SWA;EAf;/MDG;0;;
11790;1900-1930;;USA;Adventist World Radio;W;WAf;/D-n;0;;
11790;1930-2000;;USA;Adventist World Radio;FU;WAf;/AFS;0;;
11790;2030-2100;;USA;Adventist World Radio;YO;WAf;/F;0;;
11790;2100-2200;;USA;Adventist World Radio;K;FE;/GUM-a;0;;
11790;1600-1700;;USA;Radio Liberty;UZ;CAs;/D-b;0;;
11795;1100-1200;;CHN;China Radio Int.;E;SAs;ka;0;;
11795;1400-1430;;G;BBC;HI;SAs;/SNG;0;;
11795;1730-1830;Mo-Fr;G;BBC;E;EAf;/MDA;6;1107;3108
11795;1100-1200;;KOR;KBS World Radio;S;SAm;k;1;;
11795;0830-1000;;TUR;Voice of Turkey;FS;IRN;e;0;;
11800;0030-0600;;CHN;CNR 2 China Business R.;M;CHN;B;4;;
11800;0600-0855;Th-Tu;CHN;CNR 2 China Business R.;M;CHN;B;1;;
11800;0855-1030;;CHN;CNR 2 China Business R.;M;CHN;B;4;;
11800;0855-1200;;CHN;CNR 2 China Business R.;M;CHN;B;5;;
11800;2300-0600;;CHN;CNR 2 China Business R.;M;CHN;B;5;;
11800;1600-1800;;EGY;Radio Cairo;E;EAf;a;0;;
11800;0600-0629;;G;BBC;F;NAf;w;0;;
11800;2300-2400;;ROU;Radio Romania Int.;S;SAm;g;0;;
11800;1900-2000;;USA;Adventist World Radio;A;NAf;/D-n;0;;
11805;1230-1430;;USA;Radio Free Asia;BR;SEA;/MRA-t;0;;
11805;1430-1500;SaSu;USA;World Harvest Radio 4;E;SAs;/PLW;0;;
11810;2100-0600;;CHN;China National Radio 8;MO;CHN;B;1;;
11810;1800-2100;;G;BBC;E;CAf;/ASC;0;;
11810;2100-2200;Mo-Fr;G;BBC;E;CAf;/ASC;0;;
11810;0100-0200;;KOR;KBS World Radio;S;SAm;k;1;;
11810;0200-0300;;KOR;KBS World Radio;J;J;k;1;;
11810;0300-0400;;KOR;KBS World Radio;K;SAm;k;1;;
11810;2200-2300;;KOR;KBS World Radio;E;Eu;k;1;;
11810;1600-1700;;ROU;Radio Romania Int.;RO;ME;t;0;;
11810;1700-1800;;ROU;Radio Romania Int.;E;WEu;t;0;;
11815;0000-2400;;B;Radio Brasil Central;P;B;go;1;;[0917]
11815;1400-1500;;CHN;China Radio Int.;E;CAs;u;0;;
11815;1330-1410;;G;Babcock Test;E;Eu;w;6;707;707
11815;0900-1500;;J;NHK Radio Japan;J;SEA;y;0;;
11820;1800-2300;;ARS;BSKSA Holy Quran;A;Eu;;1;;
11820;0000-0100;;CHN;China Radio Int.;CA;SEA;x;0;;
11825;1700-1800;;CHN;China Radio Int.;HR;SEu;b;0;;
11825;0900-1300;;CHN;CNR1 Jammer/Firedrake;M;FE;;0;;
11825;1420-1520;;IRN;IRIB Voice of I.R.Iran;BE;SAs;s;0;;
11825;1620-1650;;IRN;IRIB Voice of I.R.Iran;BE;SAs;k;8;;
11825;0700-0800;;J;NHK Radio Japan;J;FE;y;0;;
11825;0400-0500;;MDG;MWV African Pathways R.;E;CAf;m;0;;
11825;1300-1330;;PHL;FEBC Manila;KHA;SEA;b;1;;
11825;0300-0400;;ROU;Radio Romania Int.;E;SAs;g;0;;
11825;1330-1400;;USA;Adventist World Radio;T;SEA;/GUM-a;0;;
11825;1300-2400;;USA;Brother Stair;E;ENA;o;6;2603;1009
11825;1300-0300;;USA;Brother Stair;E;ENA;o;1;2009;
11825;0900-1300;;USA;Voice of America;M;FE;/PHL-t;0;;
11830;1520-1620;;IRN;IRIB Voice of I.R.Iran;E;SAs;s;0;;
11830;0840-0850;We;RUS;S06 Russian Spy Numbers;R;RUS;xx;1;111;2802[0217]
11830;1800-1900;;USA;Radio Free Asia;K;FE;/MRA-t;0;;
11835;0000-0600;;CHN;CNR 2 China Business R.;M;CHN;x;1;;
11835;0600-0855;Th-Tu;CHN;CNR 2 China Business R.;M;CHN;x;1;;
11835;0855-1100;;CHN;CNR 2 China Business R.;M;CHN;x;4;;
11835;0855-1300;;CHN;CNR 2 China Business R.;M;CHN;x;5;;
11835;1700-1800;;CLN;Sri Lanka BC;TAM;ME;t;1;1708;
11840;1145-1315;;CHN;CNR1 Jammer/Firedrake;M;FE;;1;;
11840;0000-0100;;CUB;Radio Habana Cuba;S;CHL;q;1;;
11840;0100-0200;;CUB;Radio Habana Cuba;S;CHL;q;1;;
11840;0200-0300;;CUB;Radio Habana Cuba;S;CHL;q;4;;
11840;0200-0400;;CUB;Radio Habana Cuba;S;CHL;q;5;;
11840;0300-0500;;CUB;Radio Habana Cuba;S;CHL;q;4;;
11840;0400-0500;;CUB;Radio Habana Cuba;S;CHL;q;2;;
11840;0500-0600;;CUB;Radio Habana Cuba;S;CHL;q;6;2603;804
11840;1200-1400;;CUB;Radio Habana Cuba;S;CHL;be;6;2603;804
11840;2100-2300;;CUB;Radio Habana Cuba;S;CHL;q;2;;
11840;2300-2400;;CUB;Radio Habana Cuba;S;CHL;q;1;;
11845;0000-0600;;CHN;CNR 2 China Business R.;M;CHN;x;5;;
11845;0100-0600;;CHN;CNR 2 China Business R.;M;CHN;x;4;;
11845;0600-0855;Th-Tu;CHN;CNR 2 China Business R.;M;CHN;x;1;;
11845;0855-1100;;CHN;CNR 2 China Business R.;M;CHN;x;5;;
11845;1600-1700;4.Su;D;SWS Radio. Menschen;D;Eu;/ARM;2;2708;
11845;1700-1900;;E;Radio MiAmigo;E;Eu;/ARM;6;2506;2506
11845;1700-1900;;E;Radio MiAmigo;E;Eu;/ARM;6;3007;3007
11845;1700-1900;;E;Radio MiAmigo;E;Eu;/ARM;6;2708;2708
11845;1700-1900;;E;Radio MiAmigo;E;Eu;/ARM;6;2409;2409
11850;2300-0200;;CUB;RHC Mixing 11670/11760;S;CAm;b;2;;
11850;0530-0700;;IND;All India Radio GOS;HI;SAs;d;6;3007;3007
11850;0700-0800;;IND;All India Radio GOS;NE;NPL;d;1;;
11850;1000-1027;;PHL;Radio Veritas Asia;KH;SEA;p;0;;
11850;1300-1357;;PHL;Radio Veritas Asia;VN;SEA;p;0;;
11850;1900-2000;;ROU;Radio Romania Int.;S;NAf;t;0;;
11850;2030-2100;;ROU;Radio Romania Int.;E;ENA;t;0;;
11850;1400-1500;;USA;Radio Free Asia;VN;SEA;/MRA-s;0;;
11850;1500-1700;;USA;Radio Free Asia;K;FE;/MRA-t;0;;
11854;0730-0740;We;RUS;S06 Russian Spy Numbers;R;RUS;xx;1;103;3004
11854;0730-0740;We;RUS;S06 Russian Spy Numbers;R;RUS;xx;1;109;3110[0914]
11855;0600-1700;;ARS;BSKSA 2;A;ME;j;8;;
11855;0000-2400;;B;Radio Aparecida;P;B;ap;1;;[0917]
11855;0700-0900;;CHN;China Radio Int.;M;Eu;/ALB-c;0;;
11855;1030-1200;19Aug;CLA;Furusato no Kaze;J;FE;/TWN-s;6;2706;1908
11855;0230-0530;;IRN;IRIB Voice of I.R.Iran;A;ME;k;8;;
11857.4;0000-2400;;B;Radio Aparecida;P;B;ap;6;2206;2206[0617]
11858.4;0000-2400;;B;Radio Aparecida;P;B;ap;6;2006;2106[0617]
11860;0130-0230;;CHN;China Radio Int.;NE;FE;k;0;;
11860;0300-0600;;CHN;PBS Xizang;M;CHN;t;1;;
11860;0600-0900;We-Mo;CHN;PBS Xizang;M;CHN;t;1;;
11860;0400-1758;;YEM;Rep.Yemen Radio Sana'a;A;YEM;/ARS-j;1;;[0817]
11860;1758-0400;;YEM;Rep.Yemen Radio Sana'a;A;YEM;/ARS;1;;[0817]
11865;0230-0530;;IRN;IRIB Al-Quds TV;A;ME;z;0;;[0517]
11865;1720-1820;;IRN;IRIB Voice of I.R.Iran;BOS;Eu;k;8;;
11865;2320-0020;;IRN;IRIB Voice of I.R.Iran;M;FE;k;8;;
11865;0730-1330;;KRE;Voice of Korea;J;J;u;5;;
11865;2130-0030;;KRE;Voice of Korea;J;J;u;5;;
11870;0800-0900;;ALS;KNLS New Life Station;E;FE;ap;0;;
11870;0900-1000;;ALS;KNLS New Life Station;R;FE;ap;0;;
11870;1100-1200;;ALS;KNLS New Life Station;R;FE;ap;0;;
11870;1200-1300;;ALS;KNLS New Life Station;E;FE;ap;0;;
11870;0200-0230;;CHN;China Radio Int.;PS;AFG;ka;0;;
11870;0600-0700;;CHN;China Radio Int.;E;ME;ka;0;;
11870;1500-1600;;CHN;CNR1 Jammer/Firedrake;M;FE;;0;;
11870;1330-1357;;PHL;Radio Veritas Asia;C-T;SAs;p;0;;
11870;1400-1427;;PHL;Radio Veritas Asia;HI;SAs;p;6;2603;3006
11870;1430-1457;;PHL;Radio Veritas Asia;TEL;SAs;p;0;;
11870;1500-1600;;USA;Radio Free Asia;TB;FE;/MRA-t;0;;
11875;0000-0100;;CHN;China Radio Int.;MO;MNG;b;0;;
11875;0700-0800;;CHN;China Radio Int.;M;SEA;n;0;;
11875;1000-1100;;CHN;China Radio Int.;CA;Oc;k;0;;
11875;1100-1200;;CHN;China Radio Int.;AM;SEA;k;0;;
11875;1600-1700;;CHN;China Radio Int.;R;EEu;u;0;;
11875;1700-1800;;CHN;China Radio Int.;R;EEu;u;0;;
11875;1230-1300;;CVA;Radio Vaticana;R;Sib;/PHL-t;0;;
11875;0230-0330;;G;BBC;FS;IRN;/UZB;6;2603;2209
11875;0330-0430;;G;BBC;FS;IRN;/OMA-a;6;2603;2209
11875;0430-0530;;G;BBC;FS;IRN;/OMA-a;6;2209;2910
11875;1800-1830;;G;BBC;F;NAf;w;0;;
11875;1900-1915;SaSu;S;IBRA Radio Ibrahim;FUJ;WAf;/G-w;6;2603;3004
11875;1900-1930;Mo-Fr;S;IBRA Radio Ibrahim;FU;WAf;/G-w;6;2603;3004
11875;1915-1930;SaSu;S;IBRA Radio Ibrahim;KNU;WAf;/G-w;6;2603;3004
11875;1930-1945;Mo;S;IBRA Radio Ibrahim;DY;WAf;/G-w;6;2603;3004
11875;1930-1945;Su;S;IBRA Radio Ibrahim;MLK;WAf;/G-w;6;2603;3004
11875;1930-1945;Th-Sa;S;IBRA Radio Ibrahim;TMJ;WAf;/G-w;6;2603;3004
11875;1930-1945;Tu-We;S;IBRA Radio Ibrahim;ZA;WAf;/G-w;6;2603;3004
11875;1945-2000;SaSu;S;IBRA Radio Ibrahim;BM;WAf;/G-w;6;2603;3004
11875;1945-2000;Mo-Fr;S;IBRA Radio Ibrahim;HA;WAf;/G-w;6;2603;3004
11880;1400-1427;;PHL;Radio Veritas Asia;BE;SAs;p;6;107;2910
11880;1600-1700;;CHN;China Radio Int.;HK;SAf;x;0;;
11880;2200-2230;;CUB;Radio Habana Cuba;F;Af;b;3;;
11880;2230-2300;;CUB;Radio Habana Cuba;P;Af;b;3;;
11880;2230-2300;;CUB;Radio Habana Cuba;CR;Af;b;6;904;904
11880;2230-2300;Su;CUB;Radio Habana Cuba;EO;Af;b;3;;
11880;2300-2400;;CUB;Radio Habana Cuba;E;Af;b;3;;
11880;2300-2400;;CUB;Radio Habana Cuba;E;Af;b;4;;
11880;1450-1550;;IRN;IRIB Voice of I.R.Iran;UZ;CAs;a;0;;
11880;1400-1427;;PHL;Radio Veritas Asia;BE;SAs;p;6;2603;3006
11880;1330-1400;;TUR;Voice of Turkey;KZ;CAs;e;0;;
11880;0600-0700;;USA;Adventist World Radio;A;NAf;/AUT;0;;
11880;0700-0730;;USA;Adventist World Radio;F;WAf;/F;0;;
11880;2000-2030;;USA;Adventist World Radio;DY;WAf;/AUT;0;;
11880;2100-2130;;USA;Adventist World Radio;E;WAf;/AUT;0;;
11885;0800-1000;;ALS;KNLS New Life Station;M;FE;ap;0;;
11885;1000-1200;;ALS;KNLS New Life Station;M;FE;ap;6;506;1306
11885;1200-1300;;ALS;KNLS New Life Station;E;FE;ap;6;506;1306
11885;1200-1300;;ALS;KNLS New Life Station;E;FE;ap;6;2106;2106
11885;1300-1400;;ALS;KNLS New Life Station;M;FE;ap;6;506;1306
11885;1300-1400;;ALS;KNLS New Life Station;M;FE;ap;6;1906;2106
11885;1400-1500;;ALS;KNLS New Life Station;M;FE;ap;6;506;1306
11885;1400-1500;;ALS;KNLS New Life Station;M;FE;ap;6;2506;2506
11885;1500-1800;;ALS;KNLS New Life Station;M;FE;ap;6;506;1306
11885;0000-0030;;CHN;China National Radio 13;UI;CHN;uc;5;;
11885;0000-0100;;CHN;China Radio Int.;E;SEA;x;0;;
11885;2200-2400;;CHN;CNR1 Jammer/Firedrake;M;FE;;1;;
11885;0030-1800;;CHN;PBS Xinjiang;UI;CHN;uc;5;;
11885;0300-1135;;CHN;PBS Xinjiang;UI;CHN;uc;4;;
11885;1135-1200;;CHN;PBS Xinjiang;UI;CHN;uc;4;;
11885;2310-2400;;CHN;PBS Xinjiang;UI;CHN;uc;5;;
11885;1930-2000;;USA;Adventist World Radio;IG;WAf;/F;0;;
11890.6;0100-0700;;TWN;Sound of Hope;M;FE;;6;2603;3105[0417]
11890.6;0700-0800;;TWN;Sound of Hope;M;FE;;6;2603;3105
11890.6;0800-1000;;TWN;Sound of Hope;M;FE;;6;2603;3105
11890.6;1000-1100;;TWN;Sound of Hope;M;FE;;6;2603;3105
11890.6;1100-1400;;TWN;Sound of Hope;M;FE;;6;2603;3105
11890.6;1400-1500;;TWN;Sound of Hope;M;FE;;6;2603;3105
11890.6;1500-1600;;TWN;Sound of Hope;M;FE;;6;2603;3105
11890.6;1600-1700;;TWN;Sound of Hope;M;FE;;6;2603;3105
11890.6;2100-2200;;TWN;Sound of Hope;M;FE;;6;2603;3105
11890.6;2200-2300;;TWN;Sound of Hope;M;FE;;6;2603;3105
11890.6;2300-0100;;TWN;Sound of Hope;M;FE;;6;2603;3105
11895;0500-0600;;CHN;China Radio Int.;E;SAs;ka;0;;
11895;0600-0700;;CHN;China Radio Int.;E;SAs;ka;0;;
11895;0700-0900;;CHN;China Radio Int.;E;SAs;ka;0;;
11895;0900-1000;;CHN;China Radio Int.;M;SEA;n;0;;
11895;1000-1100;;CHN;China Radio Int.;E;Sib;x;0;;
11895;1800-1900;;CHN;China Radio Int.;AM;SEu;x;0;;
11895;1900-2000;;CHN;China Radio Int.;CA;Eu;ka;0;;
11895.2;1000-2308;;B;R.Boa Vontade, P.Alegre;P;B;e;3;;[0917]
11900;0000-0100;;CHN;China Radio Int.;M;FE;b;0;;
11900;1400-1500;;CHN;China Radio Int.;SI;CLN;j;0;;
11900;1600-1700;;CHN;China Radio Int.;E;EAf;j;0;;
11900;1700-1800;;CHN;China Radio Int.;E;EAf;j;0;;
11900;2300-2400;;CHN;China Radio Int.;M;FE;b;0;;
11900;2200-2230;;CVA;Radio Vaticana;M;FE;/MRA-t;0;;
11900;2310-2400;;CVA;Radio Vaticana;VN;SEA;/PHL-t;0;;
11900;1530-1600;;ROU;Radio Romania Int.;RO;ME;g;0;;
11900;1300-1330;;USA;Adventist World Radio;KH;SEA;/GUM-a;0;;
11900;1500-1530;;USA;Adventist World Radio;NE;SAs;/GUM-a;0;;
11900;2000-2030;;USA;Voice of America;F;Af;/STP;0;;
11900;2030-2100;SaSu;USA;Voice of America;F;Af;/KWT;0;;
11900;2100-2130;Mo-Fr;USA;Voice of America;F;Af;/STP;0;;
11900;2130-2200;Mo-Fr;USA;Voice of America;BM;WAf;/CVA;0;;
11905;1115-1145;Su-Fr;AUS;Reach Beyond Australia;IN;INS;ku;0;;
11905;1115-1145;Sa;AUS;Reach Beyond Australia;JV;INS;ku;0;;
11905;1145-1200;Tu,Th;AUS;Reach Beyond Australia;E;INS;ku;0;;
11905;1145-1200;13567;AUS;Reach Beyond Australia;IN;INS;ku;0;;
11905;0100-0500;;CHN;China National Radio 6;AM;CHN;B;1;;
11905;0500-0600;;CHN;China National Radio 6;HK;CHN;B;1;;
11905;0600-0900;Th-Tu;CHN;China National Radio 6;HK;CHN;B;1;;
11905;0115-0232;;CLN;Sri Lanka BC;HI;SAs;t;1;;[0917]
11905;0600-0700;;F;Radio France Int.;E;CAf;;0;;
11910;1200-1300;;CHN;China Radio Int.;AM;SEA;b;0;;
11910;1300-1400;;CHN;China Radio Int.;E;SEA;b;0;;
11910;1500-1600;;G;BBC;UR;SAs;/UAE;0;;
11910;2100-2400;;J;NHK Radio Japan;J;FE;y;0;;
11910;1830-1930;;KRE;Voice of Korea;F;SAf;u;1;;
11910;1930-2030;;KRE;Voice of Korea;E;SAf;u;1;;
11910;2030-2130;;KRE;Voice of Korea KCBS;K;SAf;u;1;;
11910;1400-1500;;ROU;Radio Romania Int.;D;WEu;t;0;;
11910;1600-1700;;USA;Radio Liberty;TJ;CAs;/D-L;0;;
11915;1800-2300;;ARS;BSKSA Holy Quran;A;NAf;;1;;
11915;0800-0400;;B;Radio Gaucha, P.Alegre;P;SAm;gb;3;;[0417]
11915;1100-1200;;CHN;CNR1 Jammer/Firedrake;M;FE;;1;;
11915;1200-1300;;CHN;CNR1 Jammer/Firedrake;M;FE;;1;;
11915;0030-0600;;CHN;CNR 2 China Business R.;M;CHN;as;1;;
11915;0600-0855;Th-Tu;CHN;CNR 2 China Business R.;M;CHN;as;1;;
11915;0855-1000;;CHN;CNR 2 China Business R.;M;CHN;as;4;;
11915;0855-1300;;CHN;CNR 2 China Business R.;M;CHN;as;5;;
11915;1000-1100;;TWN;Radio Taiwan Int.;IN;INS;p;1;;
11915;1100-1200;;TWN;Radio Taiwan Int.;M;INS;p;1;;
11915;1200-1300;;TWN;Radio Taiwan Int.;IN;SEA;p;1;;
11915;1300-1400;;TWN;Radio Taiwan Int.;AM;SEA;p;1;;
11916.1;0800-0400;;B;Radio Gaucha, P.Alegre;P;SAm;gb;3;;[0116]
11920;1400-1600;;CHN;China Radio Int.;F;NAf;/ALB-c;0;;
11925;0000-2400;;B;Radio Bandeirantes, SP;P;B;sb;1;;[0317]
11925;1000-1805;;CHN;China National Radio 1;M;CHN;L;4;;
11925;1200-1805;;CHN;China National Radio 1;M;CHN;L;5;;
11925;2023-2330;;CHN;China National Radio 1;M;CHN;L;5;;
11925;2023-0200;;CHN;China National Radio 1;M;CHN;L;4;;
11925;0420-0550;;IRN;IRIB Voice of I.R.Iran;TU;ME;k;8;;
11925;0000-0100;;USA;Adventist World Radio;M;FE;/CLN-t;0;;
11925;0630-0930;;USA;Radio Farda;FS;IRN;/D-b;6;2603;3006
11925;0930-1100;;USA;Radio Farda;FS;IRN;/D-L;6;2603;3006
11930;1800-2300;;ARS;BSKSA Holy Quran;A;WAf;;1;;
11930;1630-1730;;TUR;Voice of Turkey;S;Eu;e;0;;
11930;1400-2000;;USA;Radio Marti;S;CUB;g;0;;
11930;2000-2400;;USA;Radio Marti;S;CUB;g;0;;
11934.9;0000-2400;;B;RB2 R.Clube Paranaense;P;B;c2;6;2603;3004
11934.9;0000-2400;;B;Radio Evangelizar;P;B;c2;1;105;[0917]
11935;0000-0600;;CHN;China National Radio 5;M;CHN;B;1;;
11935;0600-0900;Th-Tu;CHN;China National Radio 5;M;CHN;B;1;;
11935;2300-2400;;CHN;China National Radio 5;M;CHN;B;5;;
11935;1000-1100;;CHN;China Radio Int.;R;Sib;s;0;;
11935;1100-1200;;CHN;China Radio Int.;R;Sib;s;0;;
11935;1200-1300;;CHN;China Radio Int.;R;Sib;s;0;;
11935;0500-0530;;CVA;Radio Vaticana;A;ME;;4;;
11935;1530-1600;;CVA;Radio Vaticana;A;EGY;;5;;
11935;1630-1700;;CVA;Radio Vaticana;A;ME;;4;;
11935;1700-1715;;CVA;Radio Vaticana;F;ME;;4;;
11935;1715-1730;;CVA;Radio Vaticana;E;ME;;4;;
11935;1300-1315;;GUM;KTWR Trans World Radio;SNT;SAs;m;4;;
11935;1315-1330;Sa;GUM;KTWR Trans World Radio;MEI;SAs;m;4;;
11935;1315-1330;Su;GUM;KTWR Trans World Radio;TEL;SAs;m;4;;
11935;1315-1345;Mo-Fr;GUM;KTWR Trans World Radio;ASS;SAs;m;4;;
11935;1330-1345;Su;GUM;KTWR Trans World Radio;HI;SAs;m;4;;
11935;1330-1345;Sa;GUM;KTWR Trans World Radio;NE;SAs;m;4;;
11935;1745-1945;;IND;All India Radio GOS;E;EAf;m;1;;
11935;1400-1430;;J;NHK Radio Japan;E;SAs;/UZB;0;;
11935;1200-1227;;PHL;Radio Veritas Asia;HM;SEA;p;0;;
11935;1500-1530;;USA;Adventist World Radio;TU;ME;/AUT;0;;
11940;1600-1700;;CHN;China Radio Int.;E;Eu;ka;6;2603;509
11940;1600-1700;;CHN;China Radio Int.;E;Eu;ka;6;2709;2910
11940;2030-2100;;CHN;China Radio Int.;BU;SEE;k;0;;
11945;0100-0200;;CHN;China Radio Int.;AM;SEA;k;0;;
11945;2300-2400;;CHN;China Radio Int.;CA;SEA;k;0;;
11945;0100-0200;;CHN;CNR1 Jammer/Firedrake;M;FE;;0;;
11945;1229-1300;;CVA;Radio Vaticana;M;FE;/PHL-p;0;;
11945;1300-1315;Sa;CVA;Radio Vaticana;M;FE;/PHL-p;0;;
11945;1315-1400;;CVA;Radio Vaticana;VN;SEA;/PHL-t;0;;
11945;0500-0600;Sa;G;BBC;KNK;EAf;/AFS;0;;
11945;0529-0600;Su;G;BBC;KNK;EAf;/AFS;0;;
11945;0200-0215;Tu,Fr;G;Bible Voice;E;IND;/ARM;0;;
11945;0200-0230;Th,Sa;G;Bible Voice;E;IND;/ARM;6;2603;3105
11945;0200-0230;467;G;Bible Voice;E;IND;/ARM;6;106;2910
11945;0200-0300;Su;G;Bible Voice;E;IND;/ARM;6;2603;3105
11945;1700-1900;;J;NHK Radio Japan;J;SAf;/F;0;;
11945;1900-2000;;MDG;MWV Radio Feda;A;ME;m;0;;
11945;1000-1130;;PHL;Radio Veritas Asia;M;FE;p;0;;
11945;0200-0300;;ROU;Radio Romania Int.;S;SAm;g;0;;
11945;0800-0810;Tu;RUS;S06 Russian Spy Numbers;R;RUS;xx;1;111;2802[0217]
11945;0100-0200;;USA;Radio Free Asia;UI;FE;/KWT;0;;
11945;2100-2200;;USA;Radio Free Asia;K;FE;/MRA-s;0;;
11945.1;0400-0500;;G;BBC;E;EAf;/UAE;0;;
11950;0300-0600;;CHN;PBS Xizang;M;CHN;t;1;;
11950;0600-0900;We-Mo;CHN;PBS Xizang;M;CHN;t;1;;
11950;0000-0100;Tu-Fr;CUB;Radio Habana Cuba;S;CNA;b;4;;
11950;2300-2400;Mo-Th;CUB;Radio Habana Cuba;S;CNA;b;5;;
11950;2300-2400;;CUB;Radio Habana Cuba;S;CNA;b;4;;
11950;1300-1500;;ROU;Radio Romania Int.;RO;SEu;g;6;2603;2604
11950;1300-1500;;ROU;Radio Romania Int.;RO;SEu;g;6;2804;2910
11950;1400-1500;;ROU;Radio Romania Int.;RO;SEu;g;6;2704;2704
11950;1600-1700;;ROU;Radio Romania Int.;F;SEu;g;0;;
11955;1130-1200;;CHN;China Radio Int.;TAG;PHL;k;0;;
11955;1200-1230;;CHN;China Radio Int.;TAG;PHL;k;0;;
11955;1230-1330;;CHN;China Radio Int.;ML;INS;k;0;;
11955;1330-1430;;CHN;China Radio Int.;IN;INS;k;0;;
11955;2300-2400;;CHN;China Radio Int.;E;PHL;k;0;;
11955;1700-1800;;TWN;Radio Taiwan Int.;R;EEu;/F;0;;
11955;1420-1520;;IRN;IRIB Voice of I.R.Iran;HI;SAs;s;0;;
11955;0600-1200;;TUR;Voice of Turkey;TU;ME;e;0;;
11955;0505-0535;;USA;Adventist World Radio;HA;CAf;/AUT;0;;
11955;1800-1900;;USA;Adventist World Radio;A;NAf;/AUT;0;;
11955;1900-1930;;USA;Adventist World Radio;HA;CAf;/AUT;0;;
11955;1930-2000;;USA;Adventist World Radio;TAH;NAf;/D-n;0;;
11955;2030-2100;Mo-Sa;USA;Voice of America;HA;WAf;/BOT;0;;
11960;0000-0600;;CHN;China National Radio 1;M;CHN;b;1;;
11960;0600-0900;We-Mo;CHN;China National Radio 1;M;CHN;b;1;;
11960;2100-2200;;USA;Radio Free Asia;K;FE;/MRA-t;6;107;2910
11965;1600-1700;;CHN;China Radio Int.;E;Eu;ka;6;2603;509
11965;1600-1700;;CHN;China Radio Int.;E;Eu;ka;6;2709;2910
11965;1700-1730;;CLA;Dimtse Radio Erena;TIG;ERI;/BUL-s;6;2603;1806
11965;1700-1730;;CLA;Dimtse Radio Erena;TIG;ERI;/BUL-s;6;2006;2910
11965;1730-1800;Mo-Fr;CLA;Dimtse Radio Erena;A;ERI;/BUL-s;6;2603;1806
11965;1730-1800;Mo-Fr;CLA;Dimtse Radio Erena;A;ERI;/BUL-s;6;2006;2910
11965;1730-1800;SaSu;CLA;Dimtse Radio Erena;TIG;ERI;/BUL-s;6;2603;1806
11965;1730-1800;SaSu;CLA;Dimtse Radio Erena;TIG;ERI;/BUL-s;6;2006;2910
11965;1000-1030;Su;GUM;KTWR Trans World Radio;E;INS;m;1;;
11965;1000-1030;Mo-Fr;GUM;KTWR Trans World Radio;MAD;INS;m;1;;
11965;1030-1100;Mo-Fr;GUM;KTWR Trans World Radio;SUN;INS;m;1;;
11965;1030-1100;Su;GUM;KTWR Trans World Radio;IN;SEA;m;1;;
11965;1030-1130;Su;GUM;KTWR Trans World Radio;E;SEA;m;1;;
11965;1100-1105;Mo;GUM;KTWR Trans World Radio;E;SEA;m;1;;
11965;1100-1125;Tu-Fr;GUM;KTWR Trans World Radio;E;SEA;m;1;;
11965;1720-1820;;IRN;IRIB Voice of I.R.Iran;SWA;EAf;k;8;;
11965;1300-1400;;TUR;Voice of Turkey;R;EEu;e;0;;
11965;1200-1230;;USA;Voice of America;BR;SEA;/PHL-t;0;;
11965;1430-1530;;USA;Voice of America;BR;SEA;/THA-u;0;;
11970;1600-1630;Tu,Sa;CLA;Radio Xoriyo;SO;EAf;/F;4;;
11970;0500-0530;;J;NHK Radio Japan;E;SAf;/F;0;;
11970;0630-0700;;ROU;Radio Romania Int.;A;NAf;t;0;;
11970;0100-0700;;TWN;Sound of Hope;M;FE;;1;;[0617]
11970;0700-0800;;TWN;Sound of Hope;M;FE;;1;;
11970;0800-1000;;TWN;Sound of Hope;M;FE;;1;;
11970;1000-1100;;TWN;Sound of Hope;M;FE;;1;;
11970;1100-1400;;TWN;Sound of Hope;M;FE;;1;;[1214]
11970;1400-1500;;TWN;Sound of Hope;M;FE;;1;;
11970;1500-1600;;TWN;Sound of Hope;M;FE;;1;;
11970;1600-1700;;TWN;Sound of Hope;M;FE;;1;;
11970;2100-2200;;TWN;Sound of Hope;M;FE;;1;;
11970;2200-2300;;TWN;Sound of Hope;M;FE;;1;;
11970;2300-0100;;TWN;Sound of Hope;M;FE;;1;;
11975;0000-0100;;CHN;China Radio Int.;M;SEA;k;0;;
11975;2130-2230;;CHN;China Radio Int.;F;NAf;/MLI;0;;
11975;2230-2300;;CHN;China Radio Int.;M;NAf;/MLI;0;;
11975;2300-2400;;CHN;China Radio Int.;M;NAf;/MLI;0;;
11975;0305-0530;;CHN;PBS Xinjiang;KG;CHN;uc;5;;
11975;1005-1230;;CHN;PBS Xinjiang;KG;CHN;uc;5;;
11975;0600-0630;;J;NHK Radio Japan;A;NAf;/F;0;;
11975;1700-1800;;ROU;Radio Romania Int.;RO;SEu;g;0;;
11975;1700-1800;;ROU;Radio Romania Int.;E;SEu;g;6;907;907
11975;1800-1900;;ROU;Radio Romania Int.;RO;SEu;g;0;;
11975;1900-2000;;ROU;Radio Romania Int.;RO;SEu;g;0;;
11975;1530-1600;;USA;Adventist World Radio;MAR;SAs;/CLN-t;0;;
11975;1600-1630;;USA;Adventist World Radio;E;SAs;/CLN-t;0;;
11980;0100-0200;;CHN;China Radio Int.;AM;INS;k;0;;
11980;0900-1100;;CHN;China Radio Int.;M;INS;k;0;;
11980;1200-1300;;CHN;China Radio Int.;E;SEA;k;0;;
11980;1300-1400;;CHN;China Radio Int.;E;SEA;k;0;;
11980;1400-1500;;CHN;CNR1 Jammer/Firedrake;M;FE;;0;;
11980;0400-0600;;TUR;Voice of Turkey;TU;CEu;e;0;;
11980;0600-0800;;TUR;Voice of Turkey;TU;CEu;e;6;107;107
11980;1400-1500;;USA;Voice of America;M;FE;/PHL-t;0;;
11985;0600-0700;;ALG;Radio Algerienne;A;WAf;/F;6;309;2810
11985;1100-1200;;CHN;China Radio Int.;MO;MNG;u;0;;
11985;1200-1300;;CHN;CNR1 Jammer/Firedrake;M;FE;;1;;
11985;1820-1920;;IRN;IRIB Voice of I.R.Iran;AL;Eu;k;8;;
11985;2030-2100;;J;NHK Radio Japan;F;WAf;/MDG;0;;
11985;1100-1200;;TWN;Radio Taiwan Int.;R;FE;s;6;2603;3004
11985;1200-1300;;TWN;Radio Taiwan Int.;M;FE;s;0;;
11985;1530-1600;;USA;Adventist World Radio;HI;SAs;/UZB;0;;
11985;1600-1630;;USA;Adventist World Radio;E;SAs;/UZB;0;;
11985;1700-1800;;USA;Radio Free Asia;K;FE;/MRA-t;0;;
11985;1630-1700;Mo-Fr;USA;Voice of America;E;EAf;/AFS;0;;
11990;0000-0100;;CHN;China Radio Int.;KH;SEA;n;0;;
11990;2300-2400;;CHN;China Radio Int.;KH;SEA;n;0;;
11990;0815-0845;;J;NHK Radio Japan;K;FE;y;8;;
11990;1200-1230;;TUR;Voice of Turkey;TK;CAs;e;0;;
11995;0600-0630;;F;Radio France Int.;HA;CAf;;0;;
11995;1900-2000;;F;Radio France Int.;F;CAf;;0;;
11995;2000-2159;;F;Radio France Int.;F;WAf;;6;309;2810
11995;0100-0130;;G;BBC;HI;SAs;/SNG;0;;
11995;0130-0200;;G;BBC;BE;SAs;/SNG;6;1505;2910
11995;0200-0230;;G;BBC;BR;SEA;/SNG;0;;
11995;0400-0430;;G;BBC;SO;EAf;/MDG;0;;
11995;1330-1415;;G;BBC;BR;SEA;/UZB;0;;
11995;1415-1500;Mo-Fr;G;BBC;BR;SEA;/SNG;0;;
11995;1545-1600;;G;BBC;TAM;CLN;/ARM;6;2603;3004
11995;1630-1700;;G;BBC;SI;CLN;/ARM;6;2603;2904
11995;1800-1830;;G;BBC;F;WAf;/ASC;0;;
11995;1000-1025;Mo-Fr;GUM;KTWR Trans World Radio;E;Oc;m;1;;
11995;1000-1045;Sa;GUM;KTWR Trans World Radio;E;Oc;m;1;;
11995;0430-0530;Mo-Fr;USA;Voice of America;KNK;EAf;/STP;0;;
